userid;wid;date;weight;female;educ;age;hispanic;black;couple;num_kids;owner;inflation;house_price_change;prob_stocks_up;num_lit_q1;num_lit_q1_correct;num_lit_q2;num_lit_q2_correct;num_lit_q3;num_lit_q3_correct;num_lit_q5;num_lit_q5_correct;num_lit_q6;num_lit_q6_correct;num_lit_q8;num_lit_q8_correct;num_lit_q9;num_lit_q9_correct
75015951;202411;2024-11-14;0.8;1.0;4.0;50.0;0.0;0.0;1.0;0.0;;-5.0;-6.0;6.0;;;;;;;;;;;;;;
75015959;202411;2024-11-21;0.5;0.0;4.0;32.0;0.0;0.0;0.0;0.0;;4.5;3.0;20.0;;;;;;;;;;;;;;
75015964;202411;2024-11-20;0.5;1.0;4.0;40.0;0.0;0.0;1.0;1.0;;-2.0;-20.0;42.0;;;;;;;;;;;;;;
75015986;202411;2024-11-18;0.6;1.0;3.0;33.0;0.0;0.0;1.0;1.0;;10.0;15.0;51.0;;;;;;;;;;;;;;
75015998;202411;2024-11-19;0.5;0.0;4.0;39.0;0.0;1.0;1.0;0.0;;10.0;2.0;55.0;;;;;;;;;;;;;;
75016002;202411;2024-11-17;0.8;1.0;3.0;43.0;0.0;0.0;1.0;3.0;;-5.0;15.0;51.0;;;;;;;;;;;;;;
75016005;202411;2024-11-21;0.4;1.0;4.0;44.0;0.0;0.0;1.0;4.0;;3.0;5.0;75.0;;;;;;;;;;;;;;
75016008;202411;2024-11-02;0.7;0.0;3.0;57.0;0.0;0.0;1.0;0.0;;5.0;5.0;40.0;;;;;;;;;;;;;;
75016019;202411;2024-11-20;1.0;0.0;4.0;76.0;0.0;0.0;0.0;0.0;;3.0;3.0;20.0;;;;;;;;;;;;;;
75016021;202411;2024-11-20;0.5;1.0;4.0;45.0;0.0;1.0;1.0;0.0;;15.0;30.0;17.0;;;;;;;;;;;;;;
75016022;202411;2024-11-22;0.7;0.0;4.0;74.0;0.0;0.0;0.0;0.0;;2.5;2.0;50.0;;;;;;;;;;;;;;
75016036;202411;2024-11-30;2.7;1.0;2.0;91.0;0.0;0.0;0.0;0.0;;15.0;5.0;7.0;;;;;;;;;;;;;;
75016046;202411;2024-11-23;0.7;0.0;4.0;42.0;0.0;0.0;1.0;2.0;;-1.0;-5.0;70.0;;;;;;;;;;;;;;
75016053;202411;2024-11-26;1.0;1.0;3.0;57.0;0.0;0.0;0.0;2.0;;-2.0;-5.0;50.0;;;;;;;;;;;;;;
75016055;202411;2024-11-20;0.6;1.0;4.0;40.0;0.0;0.0;1.0;0.0;;5.0;-30.0;50.0;;;;;;;;;;;;;;
75016059;202411;2024-11-28;0.4;0.0;4.0;30.0;0.0;0.0;0.0;0.0;;4.0;7.0;70.0;;;;;;;;;;;;;;
75016067;202411;2024-11-22;1.0;0.0;3.0;64.0;0.0;0.0;1.0;0.0;;-2.0;4.0;61.0;;;;;;;;;;;;;;
75016070;202411;2024-11-05;1.0;0.0;3.0;75.0;0.0;0.0;1.0;0.0;;2.1;2.5;52.0;;;;;;;;;;;;;;
75016080;202411;2024-11-25;1.2;1.0;3.0;61.0;0.0;0.0;0.0;0.0;;10.0;10.0;25.0;;;;;;;;;;;;;;
75016082;202411;2024-11-21;0.7;1.0;4.0;40.0;0.0;0.0;1.0;0.0;;4.0;10.0;55.0;;;;;;;;;;;;;;
75016083;202411;2024-11-13;0.9;1.0;4.0;72.0;0.0;0.0;0.0;0.0;;8.0;10.0;59.0;;;;;;;;;;;;;;
75016094;202411;2024-11-15;0.7;1.0;4.0;57.0;0.0;0.0;0.0;1.0;;8.0;2.0;30.0;;;;;;;;;;;;;;
75016101;202411;2024-11-13;0.7;1.0;4.0;48.0;0.0;0.0;1.0;2.0;;3.0;2.0;60.0;;;;;;;;;;;;;;
75016106;202411;2024-11-05;0.9;0.0;3.0;41.0;0.0;0.0;1.0;3.0;;3.0;7.0;50.0;;;;;;;;;;;;;;
75016114;202411;2024-11-01;0.6;1.0;4.0;59.0;0.0;1.0;1.0;0.0;;5.0;5.0;28.0;;;;;;;;;;;;;;
75016121;202411;2024-11-21;0.8;1.0;3.0;58.0;0.0;1.0;1.0;3.0;;4.0;50.0;50.0;;;;;;;;;;;;;;
75016126;202411;2024-11-12;0.4;0.0;4.0;36.0;0.0;0.0;1.0;3.0;;2.0;-15.0;65.0;;;;;;;;;;;;;;
75016127;202411;2024-11-02;0.7;1.0;3.0;34.0;0.0;0.0;1.0;2.0;;-20.0;-15.0;50.0;;;;;;;;;;;;;;
75016128;202411;2024-11-21;0.7;0.0;4.0;43.0;0.0;0.0;1.0;2.0;;4.0;2.0;50.0;;;;;;;;;;;;;;
75016129;202411;2024-11-30;0.9;0.0;4.0;54.0;0.0;0.0;1.0;0.0;;3.0;3.0;55.0;;;;;;;;;;;;;;
75016155;202411;2024-11-23;0.6;1.0;4.0;44.0;0.0;0.0;0.0;0.0;;-3.0;3.0;46.0;;;;;;;;;;;;;;
75016178;202411;2024-11-13;0.4;0.0;4.0;31.0;1.0;0.0;1.0;0.0;;3.0;5.0;34.0;;;;;;;;;;;;;;
75016184;202411;2024-11-22;3.2;1.0;2.0;68.0;0.0;0.0;0.0;0.0;;10.0;8.0;11.0;;;;;;;;;;;;;;
75016189;202411;2024-11-07;0.9;1.0;4.0;23.0;0.0;0.0;0.0;0.0;;5.0;5.0;50.0;;;;;;;;;;;;;;
75016193;202411;2024-11-07;0.7;0.0;3.0;44.0;0.0;1.0;0.0;1.0;;5.0;10.0;10.0;;;;;;;;;;;;;;
75016207;202411;2024-11-17;0.4;0.0;4.0;36.0;0.0;0.0;1.0;0.0;;5.0;10.0;70.0;;;;;;;;;;;;;;
75016213;202411;2024-11-19;1.8;0.0;2.0;39.0;0.0;0.0;1.0;0.0;;23.0;20.0;24.0;;;;;;;;;;;;;;
75016214;202411;2024-11-01;0.7;0.0;4.0;74.0;0.0;0.0;1.0;0.0;;4.0;4.0;94.0;;;;;;;;;;;;;;
75016216;202411;2024-11-21;0.8;1.0;4.0;62.0;0.0;0.0;1.0;1.0;;-20.0;20.0;30.0;;;;;;;;;;;;;;
75016219;202411;2024-11-06;0.8;1.0;3.0;57.0;0.0;0.0;0.0;0.0;;5.0;3.0;40.0;;;;;;;;;;;;;;
75016226;202411;2024-11-23;3.2;0.0;2.0;60.0;0.0;0.0;0.0;0.0;;4.0;-10.0;31.0;;;;;;;;;;;;;;
75016232;202411;2024-11-15;0.6;0.0;4.0;42.0;0.0;0.0;1.0;2.0;;-4.0;-5.0;61.0;;;;;;;;;;;;;;
75016240;202411;2024-11-20;0.6;0.0;4.0;28.0;1.0;0.0;0.0;1.0;;-1.0;-1.0;54.0;;;;;;;;;;;;;;
75016249;202411;2024-11-18;1.1;1.0;3.0;64.0;0.0;0.0;1.0;0.0;;-1.0;2.0;99.0;;;;;;;;;;;;;;
75016262;202411;2024-11-02;0.5;1.0;4.0;34.0;1.0;1.0;1.0;1.0;;2.0;5.0;80.0;;;;;;;;;;;;;;
75016263;202411;2024-11-17;0.9;1.0;4.0;25.0;0.0;0.0;1.0;0.0;;-2.0;-2.0;5.0;;;;;;;;;;;;;;
75016264;202411;2024-11-19;0.7;1.0;4.0;45.0;0.0;0.0;1.0;2.0;;2.5;3.0;5.0;;;;;;;;;;;;;;
75016266;202411;2024-11-13;0.9;0.0;4.0;52.0;0.0;1.0;1.0;1.0;;4.0;-3.0;70.0;;;;;;;;;;;;;;
75016282;202411;2024-11-02;0.6;1.0;4.0;59.0;1.0;0.0;1.0;0.0;;3.0;-1.0;59.0;;;;;;;;;;;;;;
75016288;202411;2024-11-20;0.6;1.0;4.0;43.0;1.0;0.0;0.0;2.0;;-2.0;-4.0;70.0;;;;;;;;;;;;;;
75016291;202411;2024-11-01;0.5;1.0;4.0;43.0;0.0;0.0;1.0;3.0;;-1.0;-3.0;50.0;;;;;;;;;;;;;;
75016292;202411;2024-11-14;1.0;1.0;4.0;61.0;0.0;0.0;0.0;0.0;;20.0;5.0;50.0;;;;;;;;;;;;;;
75016296;202411;2024-11-09;0.4;0.0;4.0;36.0;0.0;0.0;0.0;0.0;;2.0;5.0;90.0;;;;;;;;;;;;;;
75016297;202411;2024-11-20;0.8;0.0;4.0;58.0;0.0;0.0;1.0;0.0;;7.0;0.0;35.0;;;;;;;;;;;;;;
75016307;202411;2024-11-26;0.5;0.0;4.0;46.0;0.0;0.0;1.0;2.0;;1.0;2.0;34.0;;;;;;;;;;;;;;
75016313;202411;2024-11-08;1.2;0.0;3.0;65.0;0.0;0.0;1.0;0.0;;3.0;3.0;11.0;;;;;;;;;;;;;;
75016332;202411;2024-11-04;0.9;0.0;4.0;68.0;0.0;0.0;1.0;0.0;;2.0;2.0;10.0;;;;;;;;;;;;;;
75016340;202411;2024-11-30;0.4;1.0;4.0;36.0;0.0;0.0;0.0;1.0;;5.0;3.0;3.0;;;;;;;;;;;;;;
75016345;202411;2024-11-21;1.0;0.0;3.0;61.0;0.0;0.0;1.0;0.0;;2.0;3.0;50.0;;;;;;;;;;;;;;
75016348;202411;2024-11-04;0.8;1.0;3.0;59.0;0.0;1.0;1.0;2.0;;75.0;10.0;75.0;;;;;;;;;;;;;;
75016352;202411;2024-11-14;0.7;1.0;3.0;30.0;0.0;1.0;0.0;0.0;;5.0;10.0;29.0;;;;;;;;;;;;;;
75016354;202411;2024-11-19;0.9;1.0;4.0;65.0;0.0;1.0;0.0;0.0;;3.0;2.0;50.0;;;;;;;;;;;;;;
75016355;202411;2024-11-04;0.6;1.0;4.0;34.0;0.0;0.0;1.0;3.0;;2.0;-5.0;49.0;;;;;;;;;;;;;;
75016357;202411;2024-11-24;0.8;0.0;3.0;32.0;0.0;0.0;1.0;3.0;;-2.0;5.5;75.0;;;;;;;;;;;;;;
75016363;202411;2024-11-04;0.6;1.0;4.0;38.0;0.0;0.0;1.0;0.0;;3.0;5.0;10.0;;;;;;;;;;;;;;
75016368;202411;2024-11-16;0.6;0.0;4.0;44.0;0.0;0.0;1.0;2.0;;3.0;2.0;5.0;;;;;;;;;;;;;;
75016371;202411;2024-11-13;0.6;1.0;4.0;48.0;0.0;0.0;0.0;1.0;;-2.0;-2.0;50.0;;;;;;;;;;;;;;
75016377;202411;2024-11-24;0.6;1.0;4.0;31.0;0.0;0.0;1.0;0.0;;-1.0;-5.0;14.0;;;;;;;;;;;;;;
75016386;202411;2024-11-12;0.6;0.0;3.0;36.0;0.0;1.0;0.0;0.0;;10.0;10.0;50.0;;;;;;;;;;;;;;
75016391;202411;2024-11-13;0.6;1.0;4.0;57.0;0.0;0.0;0.0;0.0;;-1.0;-1.0;80.0;;;;;;;;;;;;;;
75016395;202411;2024-11-20;0.8;1.0;3.0;55.0;0.0;0.0;1.0;0.0;;5.0;2.0;21.0;;;;;;;;;;;;;;
75016399;202411;2024-11-20;3.9;0.0;1.0;62.0;0.0;0.0;1.0;1.0;;10.0;5.0;15.0;;;;;;;;;;;;;;
75016411;202411;2024-11-20;0.7;0.0;3.0;43.0;0.0;0.0;1.0;4.0;;3.0;8.0;57.0;;;;;;;;;;;;;;
75016414;202411;2024-11-19;0.7;1.0;3.0;40.0;0.0;0.0;0.0;0.0;;-5.0;5.0;50.0;;;;;;;;;;;;;;
75016416;202411;2024-11-02;1.0;1.0;4.0;77.0;0.0;0.0;0.0;0.0;;-2.0;-2.0;30.0;;;;;;;;;;;;;;
75016417;202411;2024-11-14;0.9;1.0;4.0;75.0;0.0;0.0;1.0;0.0;;3.0;10.0;16.0;;;;;;;;;;;;;;
75016420;202411;2024-11-19;0.8;0.0;4.0;58.0;0.0;0.0;1.0;0.0;;-3.0;3.0;90.0;;;;;;;;;;;;;;
75016427;202411;2024-11-06;1.2;0.0;3.0;72.0;0.0;0.0;1.0;0.0;;2.0;10.0;3.0;;;;;;;;;;;;;;
75016429;202411;2024-11-15;0.6;0.0;4.0;28.0;0.0;0.0;0.0;0.0;;-2.0;2.0;69.0;;;;;;;;;;;;;;
75016469;202411;2024-11-19;0.6;0.0;3.0;48.0;0.0;0.0;0.0;1.0;;-3.0;-5.0;50.0;;;;;;;;;;;;;;
75016476;202411;2024-11-03;0.8;1.0;3.0;41.0;0.0;0.0;0.0;3.0;;-2.0;2.0;50.0;;;;;;;;;;;;;;
75016480;202411;2024-11-24;2.8;1.0;2.0;62.0;0.0;0.0;1.0;2.0;;-30.0;-20.0;10.0;;;;;;;;;;;;;;
75016481;202411;2024-11-14;0.8;1.0;3.0;59.0;0.0;0.0;0.0;0.0;;-2.0;-2.0;32.0;;;;;;;;;;;;;;
75016497;202411;2024-11-19;0.7;1.0;4.0;70.0;0.0;0.0;0.0;0.0;;4.0;5.0;50.0;;;;;;;;;;;;;;
75016551;202411;2024-11-21;0.6;0.0;4.0;39.0;0.0;0.0;1.0;2.0;;2.5;4.0;52.0;;;;;;;;;;;;;;
75016562;202411;2024-11-19;1.0;0.0;3.0;63.0;0.0;0.0;0.0;0.0;;2.5;3.0;50.0;;;;;;;;;;;;;;
75016565;202411;2024-11-23;0.9;1.0;4.0;71.0;0.0;0.0;1.0;1.0;;2.0;3.0;72.0;;;;;;;;;;;;;;
75016576;202411;2024-11-30;0.6;1.0;3.0;31.0;0.0;1.0;1.0;0.0;;2.0;-1.0;10.0;;;;;;;;;;;;;;
75016598;202411;2024-11-30;0.6;1.0;4.0;33.0;0.0;0.0;1.0;2.0;;10.0;2.0;1.0;;;;;;;;;;;;;;
75016605;202411;2024-11-14;1.7;1.0;2.0;45.0;0.0;1.0;1.0;3.0;;5.0;-3.0;8.0;;;;;;;;;;;;;;
75016606;202411;2024-11-15;0.9;1.0;4.0;66.0;0.0;0.0;0.0;4.0;;5.0;20.0;60.0;;;;;;;;;;;;;;
75016607;202411;2024-11-03;0.8;0.0;3.0;32.0;0.0;0.0;0.0;0.0;;1.0;3.0;65.0;;;;;;;;;;;;;;
75016616;202411;2024-11-25;0.8;1.0;3.0;48.0;0.0;1.0;1.0;0.0;;15.0;5.0;5.0;;;;;;;;;;;;;;
75016618;202411;2024-11-23;2.2;0.0;1.0;54.0;0.0;0.0;1.0;0.0;;-2.0;4.0;70.0;;;;;;;;;;;;;;
75016619;202411;2024-11-02;0.5;0.0;4.0;30.0;0.0;0.0;0.0;0.0;;5.0;10.0;30.0;;;;;;;;;;;;;;
75016631;202411;2024-11-01;0.6;0.0;4.0;28.0;0.0;0.0;0.0;0.0;;-4.0;10.0;50.0;;;;;;;;;;;;;;
75016640;202411;2024-11-20;0.9;0.0;4.0;53.0;0.0;0.0;1.0;1.0;;3.0;5.0;50.0;;;;;;;;;;;;;;
75016654;202411;2024-11-20;1.0;1.0;3.0;56.0;0.0;0.0;1.0;0.0;;-3.0;-4.0;61.0;;;;;;;;;;;;;;
75016662;202411;2024-11-20;0.9;0.0;3.0;64.0;0.0;0.0;1.0;0.0;;-5.0;-10.0;12.0;;;;;;;;;;;;;;
75016669;202411;2024-11-05;0.7;0.0;4.0;68.0;0.0;0.0;1.0;0.0;;-2.0;-7.0;5.0;;;;;;;;;;;;;;
75016675;202411;2024-11-06;2.6;1.0;2.0;47.0;1.0;0.0;0.0;2.0;;15.0;15.0;20.0;;;;;;;;;;;;;;
75016677;202411;2024-11-04;0.4;0.0;4.0;35.0;0.0;0.0;0.0;0.0;;3.5;6.0;80.0;;;;;;;;;;;;;;
75016705;202411;2024-11-26;3.0;1.0;2.0;29.0;0.0;0.0;1.0;1.0;;70.0;40.0;34.0;;;;;;;;;;;;;;
75016708;202411;2024-11-21;0.7;1.0;4.0;31.0;0.0;0.0;1.0;0.0;;2.0;5.0;23.0;;;;;;;;;;;;;;
75016713;202411;2024-11-21;0.6;0.0;4.0;30.0;0.0;0.0;1.0;1.0;;2.0;3.0;39.0;;;;;;;;;;;;;;
75016722;202411;2024-11-04;0.6;0.0;3.0;47.0;0.0;0.0;0.0;0.0;;5.0;5.0;10.0;;;;;;;;;;;;;;
75016724;202411;2024-11-13;0.8;1.0;4.0;56.0;0.0;0.0;1.0;0.0;;1.5;6.0;25.0;;;;;;;;;;;;;;
75016736;202411;2024-11-12;0.9;0.0;3.0;58.0;0.0;0.0;1.0;0.0;;7.0;4.0;12.0;;;;;;;;;;;;;;
75016740;202411;2024-11-01;0.9;1.0;4.0;52.0;0.0;0.0;0.0;0.0;;3.0;-10.0;40.0;;;;;;;;;;;;;;
75016744;202411;2024-11-10;1.0;1.0;;70.0;0.0;0.0;0.0;0.0;;2.0;3.0;60.0;;;;;;;;;;;;;;
75016753;202411;2024-11-19;0.6;1.0;4.0;34.0;0.0;0.0;1.0;2.0;;15.0;12.0;10.0;;;;;;;;;;;;;;
75016754;202411;2024-11-12;0.9;0.0;3.0;36.0;0.0;0.0;1.0;4.0;;3.0;4.0;48.0;;;;;;;;;;;;;;
75016760;202411;2024-11-03;0.4;0.0;4.0;42.0;0.0;0.0;0.0;0.0;;2.5;2.0;75.0;;;;;;;;;;;;;;
75016764;202411;2024-11-02;0.7;1.0;4.0;38.0;0.0;0.0;0.0;0.0;;-7.0;4.0;52.0;;;;;;;;;;;;;;
75016772;202411;2024-11-30;0.9;1.0;4.0;29.0;0.0;0.0;1.0;0.0;;5.0;1.0;60.0;;;;;;;;;;;;;;
75016780;202411;2024-11-19;0.6;1.0;4.0;43.0;0.0;0.0;1.0;0.0;;-1.0;2.0;49.0;;;;;;;;;;;;;;
75016789;202411;2024-11-19;0.6;1.0;4.0;45.0;0.0;1.0;0.0;0.0;;8.0;7.0;41.0;;;;;;;;;;;;;;
75016793;202411;2024-11-25;0.6;1.0;3.0;42.0;0.0;1.0;0.0;2.0;;6.0;5.0;11.0;;;;;;;;;;;;;;
75016800;202411;2024-11-02;1.0;0.0;4.0;74.0;0.0;0.0;1.0;2.0;;-4.0;5.0;70.0;;;;;;;;;;;;;;
75016819;202411;2024-11-11;0.6;1.0;4.0;27.0;0.0;0.0;0.0;0.0;;-1.0;-2.0;65.0;;;;;;;;;;;;;;
75016828;202411;2024-11-25;3.9;1.0;2.0;66.0;0.0;0.0;0.0;0.0;;15.0;10.0;11.0;;;;;;;;;;;;;;
75016852;202411;2024-11-19;2.8;1.0;2.0;75.0;0.0;1.0;1.0;0.0;;3.0;-3.0;21.0;;;;;;;;;;;;;;
75016854;202411;2024-11-24;0.9;1.0;3.0;42.0;0.0;0.0;1.0;1.0;;5.0;-3.0;5.0;;;;;;;;;;;;;;
75016857;202411;2024-11-03;0.7;0.0;4.0;58.0;0.0;0.0;0.0;0.0;;4.0;3.0;2.0;;;;;;;;;;;;;;
75016908;202411;2024-11-03;0.5;1.0;4.0;42.0;0.0;0.0;1.0;6.0;;-2.0;-5.0;50.0;;;;;;;;;;;;;;
75016916;202411;2024-11-04;0.6;0.0;4.0;41.0;0.0;0.0;1.0;2.0;;4.0;10.0;75.0;;;;;;;;;;;;;;
75016949;202411;2024-11-05;0.4;0.0;4.0;43.0;0.0;0.0;1.0;1.0;;7.0;8.0;50.0;;;;;;;;;;;;;;
75016951;202411;2024-11-24;2.8;0.0;2.0;53.0;0.0;0.0;1.0;1.0;;-2.0;2.0;49.0;;;;;;;;;;;;;;
75016953;202411;2024-11-08;0.8;0.0;4.0;75.0;0.0;0.0;1.0;0.0;;-2.0;3.0;80.0;;;;;;;;;;;;;;
75016981;202411;2024-11-21;0.8;0.0;4.0;53.0;0.0;0.0;1.0;1.0;;3.0;10.0;50.0;;;;;;;;;;;;;;
75016986;202411;2024-11-24;0.7;0.0;4.0;60.0;0.0;0.0;1.0;0.0;;3.5;-5.0;80.0;;;;;;;;;;;;;;
75016994;202411;2024-11-13;1.0;0.0;3.0;57.0;0.0;0.0;1.0;2.0;;10.0;15.0;21.0;;;;;;;;;;;;;;
75017005;202411;2024-11-04;0.5;1.0;4.0;56.0;0.0;0.0;1.0;1.0;;-2.5;2.0;49.0;;;;;;;;;;;;;;
75017006;202411;2024-11-26;1.1;0.0;4.0;83.0;0.0;0.0;1.0;0.0;;4.0;3.0;50.0;;;;;;;;;;;;;;
75017014;202411;2024-11-19;0.6;1.0;4.0;29.0;0.0;1.0;0.0;1.0;;10.0;10.0;10.0;;;;;;;;;;;;;;
75017028;202411;2024-11-01;1.0;0.0;4.0;62.0;0.0;0.0;1.0;2.0;;1.0;5.0;15.0;;;;;;;;;;;;;;
75017029;202411;2024-11-04;1.1;1.0;4.0;72.0;0.0;0.0;0.0;0.0;;10.0;50.0;40.0;;;;;;;;;;;;;;
75017030;202411;2024-11-02;0.4;1.0;4.0;40.0;0.0;0.0;1.0;3.0;;20.0;10.0;47.0;;;;;;;;;;;;;;
75017053;202411;2024-11-03;0.8;0.0;4.0;62.0;0.0;0.0;1.0;0.0;;4.0;10.0;60.0;;;;;;;;;;;;;;
75017054;202411;2024-11-06;1.1;0.0;3.0;76.0;0.0;0.0;1.0;0.0;;2.0;4.0;60.0;;;;;;;;;;;;;;
75017055;202411;2024-11-22;0.8;0.0;3.0;57.0;0.0;0.0;1.0;0.0;;-3.0;-2.0;90.0;;;;;;;;;;;;;;
75017109;202411;2024-11-24;0.5;0.0;4.0;30.0;0.0;0.0;1.0;4.0;;-1.0;-5.0;54.0;;;;;;;;;;;;;;
75017116;202411;2024-11-13;1.0;1.0;3.0;52.0;0.0;0.0;0.0;6.0;;13.0;4.0;21.0;;;;;;;;;;;;;;
75017127;202411;2024-11-13;0.6;0.0;4.0;36.0;0.0;0.0;1.0;2.0;;-1.0;-3.0;79.0;;;;;;;;;;;;;;
75017150;202411;2024-11-19;0.5;1.0;4.0;36.0;0.0;0.0;0.0;0.0;;7.0;-1.0;50.0;;;;;;;;;;;;;;
75017159;202411;2024-11-01;0.5;1.0;4.0;45.0;0.0;0.0;1.0;2.0;;10.0;2.0;6.0;;;;;;;;;;;;;;
75017161;202411;2024-11-09;0.4;0.0;4.0;49.0;0.0;0.0;1.0;0.0;;8.0;5.0;85.0;;;;;;;;;;;;;;
75017162;202411;2024-11-13;0.5;0.0;4.0;41.0;1.0;0.0;1.0;2.0;;-5.0;-10.0;30.0;;;;;;;;;;;;;;
75017163;202411;2024-11-07;0.6;0.0;4.0;45.0;0.0;0.0;1.0;2.0;;3.0;10.0;21.0;;;;;;;;;;;;;;
75017165;202411;2024-11-12;0.6;0.0;3.0;43.0;0.0;0.0;1.0;1.0;;7.0;15.0;50.0;;;;;;;;;;;;;;
75017166;202411;2024-11-13;0.8;0.0;4.0;63.0;0.0;0.0;0.0;0.0;;-20.0;-20.0;0.0;;;;;;;;;;;;;;
75017174;202411;2024-11-23;0.8;0.0;3.0;58.0;0.0;0.0;1.0;0.0;;8.0;4.0;6.0;;;;;;;;;;;;;;
75017176;202411;2024-11-05;0.7;1.0;3.0;39.0;0.0;0.0;0.0;1.0;;5.0;10.0;20.0;;;;;;;;;;;;;;
75017184;202411;2024-11-13;0.9;0.0;4.0;72.0;0.0;1.0;1.0;0.0;;5.0;5.0;50.0;;;;;;;;;;;;;;
75017192;202411;2024-11-23;2.3;0.0;2.0;28.0;0.0;0.0;1.0;1.0;;7.0;10.0;50.0;;;;;;;;;;;;;;
75017193;202411;2024-11-02;0.8;1.0;4.0;29.0;0.0;0.0;1.0;0.0;;-2.0;-2.0;5.0;;;;;;;;;;;;;;
75017222;202411;2024-11-29;0.6;0.0;4.0;59.0;0.0;0.0;0.0;0.0;;3.0;3.0;60.0;;;;;;;;;;;;;;
75017235;202411;2024-11-26;0.7;0.0;4.0;37.0;0.0;0.0;1.0;2.0;;5.0;5.0;50.0;;;;;;;;;;;;;;
75017249;202411;2024-11-05;0.7;0.0;4.0;74.0;0.0;0.0;1.0;0.0;;3.0;-3.0;49.0;;;;;;;;;;;;;;
75017251;202411;2024-11-15;0.9;0.0;4.0;63.0;0.0;0.0;0.0;0.0;;-4.0;3.0;62.0;;;;;;;;;;;;;;
75017258;202411;2024-11-12;1.1;0.0;4.0;64.0;0.0;0.0;0.0;0.0;;8.0;-10.0;1.0;;;;;;;;;;;;;;
75017267;202411;2024-11-07;0.7;0.0;4.0;49.0;0.0;0.0;0.0;0.0;;-2.0;3.0;90.0;;;;;;;;;;;;;;
75017293;202411;2024-11-13;0.6;0.0;3.0;32.0;1.0;0.0;1.0;4.0;;12.0;26.0;18.0;;;;;;;;;;;;;;
75017298;202411;2024-11-01;0.7;0.0;4.0;55.0;0.0;0.0;1.0;0.0;;10.0;5.0;14.0;;;;;;;;;;;;;;
75017299;202411;2024-11-02;1.9;1.0;1.0;36.0;0.0;0.0;1.0;2.0;;5.0;3.0;8.0;;;;;;;;;;;;;;
75017315;202411;2024-11-17;0.7;1.0;3.0;39.0;0.0;0.0;1.0;1.0;;-5.0;-20.0;50.0;;;;;;;;;;;;;;
75017316;202411;2024-11-01;1.0;0.0;4.0;67.0;0.0;0.0;0.0;0.0;;2.0;4.0;51.0;;;;;;;;;;;;;;
75017318;202411;2024-11-08;0.6;1.0;4.0;25.0;0.0;0.0;0.0;0.0;;5.0;5.0;68.0;;;;;;;;;;;;;;
75017321;202411;2024-11-05;0.7;1.0;4.0;44.0;0.0;0.0;1.0;1.0;;5.0;7.0;6.0;;;;;;;;;;;;;;
75017323;202411;2024-11-16;0.6;1.0;4.0;41.0;1.0;0.0;0.0;0.0;;25.0;10.0;10.0;;;;;;;;;;;;;;
75017325;202411;2024-11-21;1.5;1.0;3.0;66.0;0.0;1.0;1.0;1.0;;-2.0;-1.0;70.0;;;;;;;;;;;;;;
75017329;202411;2024-11-05;0.6;1.0;4.0;32.0;0.0;0.0;1.0;2.0;;4.0;-5.0;33.0;;;;;;;;;;;;;;
75017330;202411;2024-11-14;0.5;0.0;4.0;42.0;0.0;0.0;1.0;3.0;;-3.0;-2.0;99.0;;;;;;;;;;;;;;
75017331;202411;2024-11-05;2.2;0.0;2.0;44.0;0.0;0.0;1.0;3.0;;2.0;3.0;20.0;;;;;;;;;;;;;;
75017366;202411;2024-11-02;1.3;0.0;3.0;66.0;0.0;0.0;1.0;0.0;;2.0;5.0;20.0;;;;;;;;;;;;;;
75017371;202411;2024-11-01;0.8;1.0;4.0;78.0;0.0;0.0;1.0;0.0;;1.0;-5.0;50.0;;;;;;;;;;;;;;
75017384;202411;2024-11-13;0.5;0.0;4.0;38.0;0.0;0.0;0.0;0.0;;4.0;3.0;25.0;;;;;;;;;;;;;;
75017386;202411;2024-11-20;1.3;1.0;3.0;60.0;0.0;0.0;1.0;0.0;;-10.0;10.0;60.0;;;;;;;;;;;;;;
75017388;202411;2024-11-25;0.8;0.0;3.0;44.0;0.0;0.0;1.0;3.0;;-1.0;1.0;74.0;;;;;;;;;;;;;;
75017398;202411;2024-11-02;3.4;0.0;2.0;77.0;1.0;0.0;0.0;0.0;;-2.0;-2.0;20.0;;;;;;;;;;;;;;
75017402;202411;2024-11-13;0.6;0.0;4.0;27.0;0.0;0.0;0.0;0.0;;5.0;-5.0;50.0;;;;;;;;;;;;;;
75017429;202411;2024-11-02;0.7;0.0;3.0;23.0;0.0;0.0;1.0;0.0;;-2.0;-3.0;34.0;;;;;;;;;;;;;;
75017440;202411;2024-11-09;1.0;1.0;3.0;59.0;0.0;0.0;0.0;0.0;;-1.5;-2.0;51.0;;;;;;;;;;;;;;
75017446;202411;2024-11-28;0.6;0.0;4.0;44.0;0.0;0.0;1.0;2.0;;4.0;-5.0;90.0;;;;;;;;;;;;;;
75017457;202411;2024-11-04;0.7;1.0;4.0;62.0;0.0;0.0;0.0;0.0;;3.0;3.0;46.0;;;;;;;;;;;;;;
75017459;202411;2024-11-26;0.8;0.0;4.0;64.0;0.0;0.0;1.0;0.0;;4.0;-5.0;31.0;;;;;;;;;;;;;;
75017485;202411;2024-11-14;1.0;1.0;3.0;65.0;0.0;0.0;0.0;0.0;;10.0;5.0;10.0;;;;;;;;;;;;;;
75017488;202411;2024-11-21;0.8;1.0;3.0;59.0;0.0;1.0;0.0;0.0;;2.0;4.0;3.0;;;;;;;;;;;;;;
75017492;202411;2024-11-09;0.6;1.0;4.0;31.0;0.0;0.0;1.0;1.0;;-2.0;5.0;79.0;;;;;;;;;;;;;;
75017493;202411;2024-11-04;2.8;1.0;2.0;60.0;1.0;0.0;1.0;3.0;;2.0;1.0;3.0;;;;;;;;;;;;;;
75017494;202411;2024-11-03;0.7;0.0;3.0;46.0;0.0;0.0;1.0;0.0;;2.0;3.0;50.0;;;;;;;;;;;;;;
75017498;202411;2024-11-11;0.6;0.0;4.0;24.0;0.0;0.0;0.0;0.0;;1.0;3.0;72.0;;;;;;;;;;;;;;
75017501;202411;2024-11-20;2.1;1.0;2.0;45.0;0.0;1.0;1.0;2.0;;20.0;10.0;10.0;;;;;;;;;;;;;;
75017517;202411;2024-11-22;1.0;0.0;3.0;58.0;0.0;0.0;0.0;0.0;;5.0;5.0;10.0;;;;;;;;;;;;;;
75017526;202411;2024-11-06;1.1;0.0;4.0;78.0;0.0;0.0;1.0;0.0;;35.0;5.0;65.0;;;;;;;;;;;;;;
75017534;202411;2024-11-02;0.6;0.0;4.0;40.0;0.0;0.0;0.0;0.0;;-5.0;-5.0;50.0;;;;;;;;;;;;;;
75017537;202411;2024-11-10;1.2;1.0;3.0;68.0;0.0;0.0;1.0;0.0;;6.0;10.0;20.0;;;;;;;;;;;;;;
75017547;202411;2024-11-02;2.4;0.0;2.0;59.0;0.0;0.0;0.0;0.0;;25.0;25.0;100.0;;;;;;;;;;;;;;
75017556;202411;2024-11-27;0.7;0.0;4.0;23.0;0.0;0.0;1.0;1.0;;1.0;2.0;80.0;;;;;;;;;;;;;;
75017584;202411;2024-11-17;1.2;0.0;3.0;60.0;0.0;0.0;0.0;0.0;;2.0;5.0;6.0;;;;;;;;;;;;;;
75017586;202411;2024-11-16;0.7;1.0;4.0;33.0;0.0;0.0;1.0;0.0;;5.0;2.0;70.0;;;;;;;;;;;;;;
75017611;202411;2024-11-10;0.7;1.0;4.0;40.0;1.0;0.0;0.0;3.0;;10.0;22.0;40.0;;;;;;;;;;;;;;
75017613;202411;2024-11-25;0.6;0.0;4.0;43.0;0.0;0.0;1.0;0.0;;1.0;2.0;60.0;;;;;;;;;;;;;;
75017625;202411;2024-11-12;0.5;0.0;4.0;48.0;0.0;0.0;1.0;3.0;;-1.0;1.0;39.0;;;;;;;;;;;;;;
75017638;202411;2024-11-03;2.6;1.0;2.0;43.0;1.0;0.0;0.0;0.0;;25.0;30.0;25.0;;;;;;;;;;;;;;
75017647;202411;2024-11-25;2.5;0.0;2.0;51.0;1.0;0.0;1.0;2.0;;5.0;2.0;17.0;;;;;;;;;;;;;;
75017656;202411;2024-11-21;0.6;0.0;4.0;59.0;0.0;0.0;1.0;0.0;;5.0;2.0;40.0;;;;;;;;;;;;;;
75017716;202411;2024-11-12;1.9;0.0;2.0;44.0;0.0;1.0;1.0;2.0;;5.0;5.0;25.0;;;;;;;;;;;;;;
75017717;202411;2024-11-02;3.2;0.0;2.0;72.0;0.0;0.0;1.0;0.0;;2.0;2.0;9.0;;;;;;;;;;;;;;
75017726;202411;2024-11-04;1.0;0.0;4.0;71.0;0.0;0.0;0.0;0.0;;10.0;15.0;90.0;;;;;;;;;;;;;;
75017740;202411;2024-11-16;0.5;1.0;4.0;37.0;0.0;0.0;0.0;0.0;;-50.0;-5.0;20.0;;;;;;;;;;;;;;
75017777;202411;2024-11-03;3.0;0.0;2.0;53.0;0.0;0.0;1.0;1.0;;6.0;3.0;6.0;;;;;;;;;;;;;;
75017797;202411;2024-11-09;0.7;1.0;4.0;29.0;1.0;0.0;1.0;0.0;;4.0;3.0;36.0;;;;;;;;;;;;;;
75017820;202411;2024-11-05;0.7;1.0;4.0;39.0;0.0;0.0;1.0;1.0;;-10.0;5.0;10.0;;;;;;;;;;;;;;
75017848;202411;2024-11-19;0.7;0.0;4.0;36.0;0.0;0.0;1.0;1.0;;3.1;2.0;60.0;;;;;;;;;;;;;;
75017857;202411;2024-11-24;0.5;0.0;4.0;38.0;0.0;0.0;0.0;0.0;;4.0;5.0;50.0;;;;;;;;;;;;;;
75017889;202411;2024-11-23;0.6;1.0;4.0;40.0;1.0;0.0;1.0;1.0;;12.0;12.0;64.0;;;;;;;;;;;;;;
75017894;202411;2024-11-19;0.9;1.0;3.0;76.0;0.0;0.0;0.0;0.0;;3.0;2.0;39.0;;;;;;;;;;;;;;
75017900;202411;2024-11-19;1.2;0.0;3.0;64.0;0.0;0.0;0.0;0.0;;5.0;15.0;10.0;;;;;;;;;;;;;;
75017904;202411;2024-11-20;0.9;1.0;4.0;65.0;1.0;0.0;0.0;0.0;;10.0;10.0;20.0;;;;;;;;;;;;;;
75017913;202411;2024-11-05;0.7;1.0;4.0;83.0;0.0;0.0;0.0;0.0;;2.0;3.0;6.0;;;;;;;;;;;;;;
75017933;202411;2024-11-13;0.9;1.0;4.0;73.0;0.0;0.0;0.0;0.0;;-14.0;-10.0;20.0;;;;;;;;;;;;;;
75017939;202411;2024-11-20;1.2;1.0;3.0;75.0;0.0;0.0;0.0;0.0;;50.0;15.0;10.0;;;;;;;;;;;;;;
75017940;202411;2024-11-20;0.9;0.0;3.0;79.0;0.0;0.0;1.0;0.0;;2.0;5.0;50.0;;;;;;;;;;;;;;
75017953;202411;2024-11-23;1.0;1.0;4.0;74.0;0.0;0.0;0.0;0.0;;5.0;6.0;35.0;;;;;;;;;;;;;;
75017959;202411;2024-11-20;1.3;0.0;;73.0;0.0;0.0;1.0;0.0;;4.5;4.5;72.0;;;;;;;;;;;;;;
75017979;202411;2024-11-22;0.5;0.0;4.0;46.0;0.0;1.0;1.0;1.0;;1.0;3.0;70.0;;;;;;;;;;;;;;
75017991;202411;2024-11-19;0.7;1.0;4.0;43.0;1.0;1.0;0.0;0.0;;-3.0;-3.0;50.0;;;;;;;;;;;;;;
75017992;202411;2024-11-23;0.7;0.0;3.0;42.0;0.0;0.0;1.0;6.0;;-5.0;10.0;10.0;;;;;;;;;;;;;;
75018002;202411;2024-11-13;0.4;0.0;4.0;37.0;0.0;0.0;0.0;0.0;;-1.0;8.0;60.0;;;;;;;;;;;;;;
75018013;202411;2024-11-10;0.8;1.0;3.0;26.0;1.0;1.0;0.0;0.0;;5.0;0.0;30.0;;;;;;;;;;;;;;
75018014;202411;2024-11-14;0.9;1.0;3.0;38.0;0.0;0.0;1.0;0.0;;6.0;20.0;73.0;;;;;;;;;;;;;;
75018020;202411;2024-11-14;2.9;0.0;2.0;65.0;0.0;0.0;1.0;0.0;;-3.0;2.0;60.0;;;;;;;;;;;;;;
75018026;202411;2024-11-12;0.8;1.0;3.0;30.0;0.0;0.0;1.0;8.0;;-10.0;-20.0;24.0;;;;;;;;;;;;;;
75018028;202411;2024-11-14;0.7;1.0;3.0;37.0;0.0;1.0;0.0;2.0;;25.0;25.0;25.0;;;;;;;;;;;;;;
75018031;202411;2024-11-01;0.7;0.0;4.0;38.0;1.0;0.0;1.0;2.0;;3.0;10.0;80.0;;;;;;;;;;;;;;
75018046;202411;2024-11-24;1.7;1.0;1.0;41.0;0.0;0.0;1.0;1.0;;3.0;-8.0;50.0;;;;;;;;;;;;;;
75018053;202411;2024-11-27;0.6;1.0;;36.0;0.0;0.0;1.0;1.0;;10.0;2.0;10.0;;;;;;;;;;;;;;
75018057;202411;2024-11-05;0.9;0.0;4.0;29.0;0.0;0.0;0.0;0.0;;2.0;1.0;75.0;;;;;;;;;;;;;;
75018058;202411;2024-11-23;0.6;1.0;4.0;41.0;0.0;1.0;0.0;2.0;;-50.0;-40.0;50.0;;;;;;;;;;;;;;
75018061;202411;2024-11-01;0.7;0.0;4.0;39.0;0.0;0.0;1.0;1.0;;3.0;1.0;35.0;;;;;;;;;;;;;;
75018068;202411;2024-11-21;0.7;0.0;4.0;40.0;0.0;0.0;0.0;0.0;;9.0;8.0;30.0;;;;;;;;;;;;;;
75018073;202411;2024-11-01;0.6;1.0;4.0;33.0;0.0;0.0;1.0;0.0;;3.0;2.0;50.0;;;;;;;;;;;;;;
75018084;202411;2024-11-16;2.8;0.0;2.0;62.0;0.0;0.0;1.0;0.0;;-2.0;5.0;2.0;;;;;;;;;;;;;;
75018101;202411;2024-11-13;0.7;1.0;4.0;54.0;0.0;0.0;0.0;0.0;;5.0;-2.0;50.0;;;;;;;;;;;;;;
75018102;202411;2024-11-12;0.7;1.0;4.0;29.0;0.0;0.0;0.0;0.0;;10.0;7.0;42.0;;;;;;;;;;;;;;
75018103;202411;2024-11-23;0.9;0.0;3.0;50.0;1.0;0.0;1.0;2.0;;5.0;10.0;1.0;;;;;;;;;;;;;;
75018117;202411;2024-11-11;0.5;1.0;4.0;41.0;0.0;1.0;0.0;0.0;;10.0;3.0;20.0;;;;;;;;;;;;;;
75018118;202411;2024-11-20;0.5;0.0;4.0;37.0;0.0;0.0;1.0;3.0;;-15.0;-10.0;60.0;;;;;;;;;;;;;;
75018129;202411;2024-11-10;0.8;0.0;3.0;56.0;0.0;0.0;0.0;1.0;;20.0;20.0;0.0;;;;;;;;;;;;;;
75018131;202411;2024-11-13;1.0;1.0;3.0;73.0;0.0;1.0;1.0;0.0;;50.0;10.0;47.0;;;;;;;;;;;;;;
75018141;202411;2024-11-12;1.0;1.0;4.0;68.0;1.0;0.0;1.0;0.0;;20.0;20.0;60.0;;;;;;;;;;;;;;
75018145;202411;2024-11-12;0.6;0.0;4.0;43.0;0.0;1.0;1.0;3.0;;-2.0;1.0;88.0;;;;;;;;;;;;;;
75018149;202411;2024-11-20;1.2;1.0;3.0;78.0;0.0;0.0;0.0;0.0;;2.0;-5.0;20.0;;;;;;;;;;;;;;
75018155;202411;2024-11-27;0.9;0.0;4.0;73.0;0.0;0.0;1.0;0.0;;5.0;5.0;0.0;;;;;;;;;;;;;;
75018167;202411;2024-11-21;2.5;0.0;2.0;19.0;0.0;0.0;0.0;0.0;;1.5;5.0;20.0;;;;;;;;;;;;;;
75018171;202411;2024-11-19;0.6;1.0;4.0;42.0;0.0;0.0;1.0;0.0;;5.0;5.0;50.0;;;;;;;;;;;;;;
75018176;202411;2024-11-13;2.8;1.0;2.0;63.0;0.0;0.0;1.0;0.0;;-4.0;-6.0;11.0;;;;;;;;;;;;;;
75018178;202411;2024-11-20;1.3;0.0;3.0;76.0;0.0;0.0;1.0;0.0;;-10.0;-15.0;50.0;;;;;;;;;;;;;;
75018180;202411;2024-11-22;0.5;0.0;4.0;58.0;0.0;0.0;0.0;1.0;;6.0;5.0;10.0;;;;;;;;;;;;;;
75018182;202411;2024-11-05;0.8;0.0;4.0;24.0;0.0;0.0;1.0;0.0;;2.4;2.0;70.0;;;;;;;;;;;;;;
75018192;202411;2024-11-20;0.6;0.0;4.0;45.0;0.0;1.0;1.0;2.0;;4.0;3.0;40.0;;;;;;;;;;;;;;
75018195;202411;2024-11-24;0.6;1.0;4.0;27.0;1.0;0.0;0.0;0.0;;4.0;-10.0;60.0;;;;;;;;;;;;;;
75018198;202411;2024-11-02;0.6;1.0;4.0;30.0;0.0;0.0;0.0;0.0;;6.0;6.0;51.0;;;;;;;;;;;;;;
75018201;202411;2024-11-19;0.6;0.0;4.0;55.0;0.0;0.0;0.0;0.0;;3.0;-10.0;80.0;;;;;;;;;;;;;;
75018204;202411;2024-11-21;0.6;1.0;4.0;30.0;0.0;0.0;0.0;0.0;;8.0;2.0;62.0;;;;;;;;;;;;;;
75018209;202411;2024-11-16;0.8;0.0;3.0;38.0;0.0;1.0;0.0;0.0;;3.0;4.0;96.0;;;;;;;;;;;;;;
75018236;202411;2024-11-22;0.6;1.0;4.0;39.0;0.0;0.0;1.0;0.0;;6.0;-2.0;39.0;;;;;;;;;;;;;;
75018253;202411;2024-11-23;0.7;0.0;4.0;55.0;0.0;0.0;1.0;1.0;;2.0;-6.0;73.0;;;;;;;;;;;;;;
75018277;202411;2024-11-18;0.8;0.0;4.0;70.0;0.0;0.0;0.0;0.0;;1.8;15.0;50.0;;;;;;;;;;;;;;
75018294;202411;2024-11-21;0.6;1.0;4.0;43.0;0.0;0.0;1.0;7.0;;2.0;-10.0;80.0;;;;;;;;;;;;;;
75018311;202411;2024-11-22;2.6;1.0;2.0;26.0;0.0;0.0;0.0;2.0;;-20.0;-10.0;11.0;;;;;;;;;;;;;;
75018323;202411;2024-11-19;0.6;0.0;4.0;44.0;0.0;1.0;0.0;0.0;;4.0;5.0;55.0;;;;;;;;;;;;;;
75018340;202411;2024-11-02;0.9;1.0;4.0;29.0;0.0;0.0;1.0;0.0;;3.0;5.0;50.0;;;;;;;;;;;;;;
75018350;202411;2024-11-04;0.7;1.0;4.0;48.0;1.0;0.0;1.0;0.0;;-2.3;3.0;50.0;;;;;;;;;;;;;;
75018359;202411;2024-11-23;0.6;0.0;4.0;52.0;0.0;0.0;1.0;1.0;;2.0;5.0;6.0;;;;;;;;;;;;;;
75018364;202411;2024-11-13;0.8;0.0;4.0;51.0;0.0;0.0;1.0;0.0;;1.0;5.0;70.0;;;;;;;;;;;;;;
75018365;202411;2024-11-02;0.7;0.0;4.0;34.0;0.0;0.0;1.0;0.0;;5.0;8.0;60.0;;;;;;;;;;;;;;
75018372;202411;2024-11-19;0.4;0.0;4.0;34.0;0.0;0.0;0.0;0.0;;8.0;8.0;39.0;;;;;;;;;;;;;;
75018373;202411;2024-11-06;0.6;0.0;3.0;39.0;0.0;0.0;0.0;0.0;;1.0;2.0;50.0;;;;;;;;;;;;;;
75018376;202411;2024-11-14;2.8;0.0;2.0;68.0;0.0;0.0;1.0;0.0;;4.0;5.0;60.0;;;;;;;;;;;;;;
75018404;202411;2024-11-13;2.4;0.0;2.0;76.0;0.0;0.0;1.0;0.0;;5.0;5.0;10.0;;;;;;;;;;;;;;
75018418;202411;2024-11-19;2.6;1.0;2.0;27.0;0.0;1.0;0.0;0.0;;-60.0;-5.0;34.0;;;;;;;;;;;;;;
75018433;202411;2024-11-20;1.0;1.0;3.0;55.0;1.0;0.0;1.0;1.0;;20.0;10.0;10.0;;;;;;;;;;;;;;
75018438;202411;2024-11-13;0.7;0.0;3.0;44.0;0.0;0.0;0.0;1.0;;5.0;2.0;30.0;;;;;;;;;;;;;;
75018441;202411;2024-11-01;0.8;0.0;4.0;26.0;1.0;0.0;0.0;0.0;;2.5;-5.0;2.0;;;;;;;;;;;;;;
75018442;202411;2024-11-19;1.2;1.0;3.0;51.0;0.0;0.0;0.0;4.0;;-4.0;-5.0;14.0;;;;;;;;;;;;;;
75018449;202411;2024-11-25;0.5;0.0;4.0;41.0;1.0;0.0;0.0;2.0;;3.0;5.0;19.0;;;;;;;;;;;;;;
75018452;202411;2024-11-12;0.8;1.0;4.0;55.0;0.0;0.0;1.0;0.0;;12.0;18.0;29.0;;;;;;;;;;;;;;
75018461;202411;2024-11-20;0.7;1.0;3.0;34.0;0.0;0.0;1.0;0.0;;-5.0;20.0;70.0;;;;;;;;;;;;;;
75018465;202411;2024-11-23;0.8;0.0;3.0;45.0;0.0;0.0;0.0;0.0;;5.0;20.0;5.0;;;;;;;;;;;;;;
75018474;202411;2024-11-20;1.2;1.0;3.0;81.0;0.0;0.0;0.0;0.0;;3.0;4.0;4.0;;;;;;;;;;;;;;
75018475;202411;2024-11-12;0.8;1.0;4.0;62.0;0.0;0.0;0.0;0.0;;-5.0;5.0;60.0;;;;;;;;;;;;;;
75018480;202411;2024-11-12;0.5;0.0;4.0;31.0;0.0;0.0;1.0;0.0;;3.0;3.0;40.0;;;;;;;;;;;;;;
75018493;202411;2024-11-24;1.0;1.0;3.0;54.0;0.0;0.0;1.0;0.0;;-5.0;-20.0;10.0;;;;;;;;;;;;;;
75018545;202411;2024-11-19;2.8;1.0;1.0;50.0;0.0;0.0;1.0;0.0;;85.0;100.0;40.0;;;;;;;;;;;;;;
75018550;202411;2024-11-19;0.5;0.0;4.0;44.0;0.0;0.0;0.0;0.0;;-1.0;-4.0;60.0;;;;;;;;;;;;;;
75018563;202411;2024-11-19;0.6;1.0;3.0;33.0;0.0;0.0;0.0;1.0;;10.0;10.0;50.0;;;;;;;;;;;;;;
75018564;202411;2024-11-04;0.8;1.0;4.0;57.0;0.0;0.0;0.0;1.0;;5.0;-5.0;51.0;;;;;;;;;;;;;;
75018583;202411;2024-11-20;0.4;1.0;4.0;36.0;0.0;1.0;0.0;0.0;;-50.0;10.0;50.0;;;;;;;;;;;;;;
75018621;202411;2024-11-13;0.8;0.0;3.0;21.0;0.0;0.0;1.0;0.0;;2.5;5.0;75.0;;;;;;;;;;;;;;
75018632;202411;2024-11-16;0.4;1.0;4.0;33.0;0.0;0.0;0.0;0.0;;4.0;5.0;73.0;;;;;;;;;;;;;;
75018642;202411;2024-11-26;0.5;1.0;4.0;39.0;0.0;0.0;1.0;2.0;;2.0;2.0;50.0;;;;;;;;;;;;;;
75018648;202411;2024-11-24;0.7;1.0;4.0;27.0;0.0;0.0;1.0;0.0;;4.0;7.0;50.0;;;;;;;;;;;;;;
75018657;202411;2024-11-19;0.9;1.0;3.0;43.0;1.0;0.0;1.0;5.0;;-5.0;10.0;10.0;;;;;;;;;;;;;;
75018672;202411;2024-11-15;0.7;1.0;3.0;30.0;0.0;0.0;0.0;0.0;;68.0;8.0;41.0;;;;;;;;;;;;;;
75018684;202411;2024-11-07;0.6;0.0;4.0;33.0;0.0;0.0;1.0;0.0;;-2.0;-10.0;54.0;;;;;;;;;;;;;;
75018699;202411;2024-11-27;1.0;1.0;3.0;55.0;0.0;1.0;1.0;0.0;;15.0;8.0;40.0;;;;;;;;;;;;;;
75018765;202411;2024-11-18;0.9;1.0;4.0;51.0;0.0;0.0;1.0;6.0;;7.0;7.0;47.0;;;;;;;;;;;;;;
75018783;202411;2024-11-13;2.1;1.0;2.0;26.0;0.0;0.0;1.0;4.0;;25.0;22.0;11.0;;;;;;;;;;;;;;
75018795;202411;2024-11-13;1.3;1.0;3.0;61.0;0.0;0.0;0.0;0.0;;-10.0;-8.0;40.0;;;;;;;;;;;;;;
75018796;202411;2024-11-04;1.3;0.0;3.0;63.0;0.0;1.0;0.0;0.0;;20.0;10.0;15.0;;;;;;;;;;;;;;
75018800;202411;2024-11-01;0.5;0.0;4.0;48.0;0.0;0.0;0.0;1.0;;-2.0;5.0;29.0;;;;;;;;;;;;;;
75018807;202411;2024-11-01;0.8;1.0;4.0;50.0;1.0;0.0;0.0;0.0;;0.0;0.0;4.0;;;;;;;;;;;;;;
75018826;202411;2024-11-11;1.0;0.0;3.0;51.0;0.0;0.0;1.0;1.0;;3.0;3.5;55.0;;;;;;;;;;;;;;
75018829;202411;2024-11-19;0.8;1.0;3.0;56.0;0.0;0.0;0.0;2.0;;3.0;5.0;20.0;;;;;;;;;;;;;;
75018841;202411;2024-11-01;1.4;0.0;3.0;69.0;0.0;0.0;0.0;0.0;;2.0;-5.0;20.0;;;;;;;;;;;;;;
75018849;202411;2024-11-05;0.5;1.0;4.0;52.0;0.0;1.0;0.0;1.0;;-15.0;20.0;22.0;;;;;;;;;;;;;;
75018861;202411;2024-11-14;0.6;1.0;4.0;52.0;0.0;0.0;0.0;1.0;;5.0;10.0;11.0;;;;;;;;;;;;;;
75018864;202411;2024-11-20;0.8;0.0;4.0;77.0;0.0;0.0;1.0;0.0;;4.0;2.0;20.0;;;;;;;;;;;;;;
75018878;202411;2024-11-11;0.6;0.0;4.0;46.0;0.0;0.0;1.0;2.0;;3.0;3.0;60.0;;;;;;;;;;;;;;
75018880;202411;2024-11-04;0.5;1.0;4.0;43.0;0.0;0.0;1.0;1.0;;1.0;8.0;75.0;;;;;;;;;;;;;;
75018884;202411;2024-11-02;1.2;1.0;3.0;64.0;0.0;1.0;0.0;0.0;;;30.0;13.0;;;;;;;;;;;;;;
75018891;202411;2024-11-23;0.6;1.0;3.0;39.0;0.0;0.0;1.0;0.0;;5.0;-10.0;25.0;;;;;;;;;;;;;;
75018902;202411;2024-11-23;2.8;0.0;2.0;65.0;0.0;0.0;1.0;0.0;;3.0;3.0;75.0;;;;;;;;;;;;;;
75018919;202411;2024-11-12;1.8;1.0;2.0;43.0;0.0;0.0;0.0;0.0;;-10.0;-10.0;50.0;;;;;;;;;;;;;;
75018927;202411;2024-11-01;0.6;1.0;3.0;31.0;0.0;0.0;1.0;2.0;;15.0;-3.0;33.0;;;;;;;;;;;;;;
75018933;202411;2024-11-20;2.8;0.0;2.0;51.0;0.0;0.0;1.0;0.0;;3.0;5.0;60.0;;;;;;;;;;;;;;
75018934;202411;2024-11-28;0.7;1.0;4.0;43.0;0.0;0.0;0.0;0.0;;3.0;5.0;70.0;;;;;;;;;;;;;;
75018948;202411;2024-11-27;0.9;1.0;4.0;66.0;0.0;0.0;1.0;0.0;;40.0;30.0;80.0;;;;;;;;;;;;;;
75018956;202411;2024-11-04;1.0;0.0;3.0;64.0;0.0;0.0;1.0;0.0;;5.0;5.0;13.0;;;;;;;;;;;;;;
75019012;202411;2024-11-21;0.8;1.0;4.0;70.0;0.0;0.0;1.0;0.0;;6.0;8.0;30.0;;;;;;;;;;;;;;
75019027;202411;2024-11-24;0.6;0.0;4.0;37.0;1.0;0.0;1.0;0.0;;-5.0;-1.0;15.0;;;;;;;;;;;;;;
75019061;202411;2024-11-23;1.0;0.0;3.0;78.0;0.0;0.0;1.0;0.0;;6.0;-10.0;25.0;;;;;;;;;;;;;;
75019074;202411;2024-11-10;0.4;0.0;4.0;31.0;0.0;0.0;1.0;0.0;;5.0;15.0;81.0;;;;;;;;;;;;;;
75019075;202411;2024-11-01;0.8;1.0;4.0;29.0;0.0;0.0;0.0;0.0;;2.0;3.0;70.0;;;;;;;;;;;;;;
75019076;202411;2024-11-19;1.0;1.0;3.0;26.0;1.0;0.0;1.0;2.0;;3.0;75.0;31.0;;;;;;;;;;;;;;
75019087;202411;2024-11-05;0.8;0.0;4.0;85.0;0.0;0.0;0.0;0.0;;-2.0;-10.0;21.0;;;;;;;;;;;;;;
75019091;202411;2024-11-12;2.3;0.0;2.0;43.0;0.0;0.0;1.0;3.0;;-16.0;-5.0;81.0;;;;;;;;;;;;;;
75019095;202411;2024-11-03;0.4;0.0;4.0;43.0;0.0;0.0;1.0;0.0;;-50.0;5.0;45.0;;;;;;;;;;;;;;
75019098;202411;2024-11-19;1.1;1.0;3.0;76.0;0.0;0.0;0.0;0.0;;5.0;3.0;6.0;;;;;;;;;;;;;;
75019112;202411;2024-11-29;0.7;1.0;3.0;49.0;0.0;0.0;1.0;1.0;;3.0;3.0;3.0;;;;;;;;;;;;;;
75019115;202411;2024-11-16;1.0;0.0;3.0;61.0;0.0;0.0;0.0;0.0;;-3.0;1.0;75.0;;;;;;;;;;;;;;
75019155;202411;2024-11-15;0.8;1.0;4.0;29.0;0.0;0.0;0.0;0.0;;7.0;30.0;39.0;;;;;;;;;;;;;;
75019166;202411;2024-11-19;0.7;1.0;4.0;46.0;0.0;0.0;1.0;3.0;;3.0;8.0;59.0;;;;;;;;;;;;;;
75019169;202411;2024-11-26;0.7;0.0;4.0;42.0;0.0;0.0;1.0;0.0;;8.0;2.0;50.0;;;;;;;;;;;;;;
75019170;202411;2024-11-01;0.5;0.0;4.0;40.0;0.0;0.0;0.0;0.0;;3.0;2.0;40.0;;;;;;;;;;;;;;
75019181;202411;2024-11-03;0.6;1.0;4.0;38.0;0.0;0.0;1.0;1.0;;2.0;3.0;53.0;;;;;;;;;;;;;;
75019185;202411;2024-11-12;0.6;0.0;4.0;41.0;0.0;0.0;1.0;2.0;;3.0;2.0;57.0;;;;;;;;;;;;;;
75019190;202411;2024-11-15;0.6;0.0;4.0;36.0;1.0;0.0;1.0;0.0;;2.0;5.0;51.0;;;;;;;;;;;;;;
75019215;202411;2024-11-04;0.6;1.0;4.0;58.0;0.0;0.0;0.0;0.0;;20.0;-10.0;50.0;;;;;;;;;;;;;;
75019220;202411;2024-11-17;2.8;0.0;2.0;53.0;0.0;0.0;0.0;0.0;;10.0;-20.0;30.0;;;;;;;;;;;;;;
75019226;202411;2024-11-02;2.7;0.0;2.0;57.0;1.0;0.0;1.0;0.0;;-2.0;6.0;16.0;;;;;;;;;;;;;;
75019228;202411;2024-11-05;2.0;0.0;2.0;37.0;0.0;0.0;0.0;89.0;;-20.0;;59.0;;;;;;;;;;;;;;
75019254;202411;2024-11-19;1.1;0.0;4.0;67.0;0.0;0.0;1.0;0.0;;3.0;-2.0;51.0;;;;;;;;;;;;;;
75019255;202411;2024-11-12;2.2;1.0;2.0;29.0;0.0;1.0;0.0;2.0;;15.0;20.0;23.0;;;;;;;;;;;;;;
75019267;202411;2024-11-13;2.1;0.0;2.0;20.0;0.0;1.0;0.0;4.0;;-50.0;-35.0;10.0;;;;;;;;;;;;;;
75019273;202411;2024-11-15;1.0;0.0;3.0;57.0;0.0;0.0;1.0;2.0;;60.0;15.0;70.0;;;;;;;;;;;;;;
75019274;202411;2024-11-13;1.3;1.0;3.0;69.0;0.0;0.0;0.0;1.0;;4.0;5.0;40.0;;;;;;;;;;;;;;
75019276;202411;2024-11-14;0.7;0.0;4.0;41.0;0.0;0.0;1.0;2.0;;3.0;4.0;25.0;;;;;;;;;;;;;;
75019284;202411;2024-11-21;0.4;1.0;4.0;38.0;0.0;0.0;0.0;0.0;;4.0;5.0;7.0;;;;;;;;;;;;;;
75019287;202411;2024-11-26;0.7;1.0;4.0;23.0;0.0;0.0;0.0;4.0;;10.0;20.0;31.0;;;;;;;;;;;;;;
75019289;202411;2024-11-21;1.0;1.0;3.0;74.0;0.0;0.0;1.0;0.0;;-2.0;5.0;60.0;;;;;;;;;;;;;;
75019291;202411;2024-11-19;0.6;0.0;4.0;28.0;0.0;0.0;1.0;0.0;;5.0;10.0;25.0;;;;;;;;;;;;;;
75019304;202411;2024-11-13;3.4;1.0;2.0;62.0;0.0;1.0;0.0;1.0;;5.0;30.0;21.0;;;;;;;;;;;;;;
75019314;202411;2024-11-12;0.6;1.0;4.0;25.0;0.0;0.0;1.0;2.0;;3.0;5.0;65.0;;;;;;;;;;;;;;
75019317;202411;2024-11-05;0.7;0.0;3.0;37.0;0.0;0.0;0.0;0.0;;2.0;8.0;45.0;;;;;;;;;;;;;;
75019318;202411;2024-11-30;0.7;0.0;4.0;58.0;0.0;1.0;1.0;0.0;;2.0;5.0;50.0;;;;;;;;;;;;;;
75019332;202411;2024-11-19;0.7;1.0;3.0;43.0;0.0;0.0;0.0;0.0;;6.5;10.0;60.0;;;;;;;;;;;;;;
75019337;202411;2024-11-02;0.6;0.0;4.0;43.0;0.0;0.0;1.0;3.0;;2.8;-10.0;30.0;;;;;;;;;;;;;;
75019340;202411;2024-11-21;0.5;0.0;4.0;59.0;0.0;0.0;1.0;0.0;;2.5;5.0;15.0;;;;;;;;;;;;;;
75019341;202411;2024-11-20;1.0;1.0;3.0;56.0;0.0;0.0;0.0;1.0;;65.0;12.0;49.0;;;;;;;;;;;;;;
75019342;202411;2024-11-05;0.6;1.0;4.0;44.0;0.0;1.0;0.0;2.0;;-3.0;4.0;50.0;;;;;;;;;;;;;;
75019347;202411;2024-11-29;0.4;0.0;4.0;34.0;0.0;0.0;1.0;2.0;;-3.0;6.0;60.0;;;;;;;;;;;;;;
75019353;202411;2024-11-18;1.2;0.0;3.0;60.0;0.0;0.0;0.0;0.0;;-1.0;0.0;11.0;;;;;;;;;;;;;;
75019354;202411;2024-11-07;0.7;0.0;4.0;31.0;0.0;0.0;0.0;0.0;;3.0;4.0;70.0;;;;;;;;;;;;;;
75019357;202411;2024-11-11;1.1;1.0;3.0;63.0;0.0;0.0;0.0;0.0;;-10.0;-8.0;100.0;;;;;;;;;;;;;;
75019358;202411;2024-11-16;0.7;1.0;4.0;64.0;0.0;0.0;0.0;0.0;;2.0;2.0;50.0;;;;;;;;;;;;;;
75019365;202411;2024-11-19;0.7;1.0;3.0;35.0;0.0;1.0;0.0;1.0;;5.0;5.0;12.0;;;;;;;;;;;;;;
75019373;202411;2024-11-12;0.8;0.0;4.0;57.0;1.0;0.0;1.0;1.0;;-3.0;7.0;80.0;;;;;;;;;;;;;;
75019377;202411;2024-11-19;0.6;0.0;4.0;36.0;0.0;0.0;1.0;0.0;;6.0;25.0;50.0;;;;;;;;;;;;;;
75019380;202411;2024-11-04;0.4;1.0;4.0;34.0;0.0;0.0;1.0;0.0;;-3.0;10.0;25.0;;;;;;;;;;;;;;
75019381;202411;2024-11-15;0.9;1.0;3.0;36.0;0.0;1.0;0.0;2.0;;50.0;25.0;100.0;;;;;;;;;;;;;;
75019383;202411;2024-11-12;0.4;1.0;4.0;37.0;0.0;0.0;1.0;2.0;;10.0;1.0;10.0;;;;;;;;;;;;;;
75019390;202411;2024-11-01;0.9;1.0;3.0;38.0;0.0;0.0;1.0;2.0;;2.0;2.0;59.0;;;;;;;;;;;;;;
75019394;202411;2024-11-25;0.8;0.0;4.0;60.0;1.0;0.0;1.0;2.0;;-5.0;3.0;30.0;;;;;;;;;;;;;;
75019409;202411;2024-11-14;0.4;1.0;4.0;36.0;0.0;0.0;1.0;3.0;;-2.0;-5.0;10.0;;;;;;;;;;;;;;
75019419;202411;2024-11-13;0.8;1.0;4.0;65.0;0.0;0.0;1.0;0.0;;-10.0;-10.0;50.0;;;;;;;;;;;;;;
75019433;202411;2024-11-19;1.1;0.0;3.0;82.0;0.0;0.0;1.0;0.0;;10.0;2.0;10.0;;;;;;;;;;;;;;
75019474;202411;2024-11-18;0.9;0.0;4.0;54.0;0.0;0.0;1.0;2.0;;2.0;5.0;50.0;;;;;;;;;;;;;;
75019477;202411;2024-11-04;1.0;0.0;3.0;63.0;0.0;0.0;1.0;3.0;;4.0;3.0;10.0;;;;;;;;;;;;;;
75019478;202411;2024-11-08;0.6;0.0;4.0;34.0;0.0;0.0;1.0;3.0;;7.0;3.0;50.0;;;;;;;;;;;;;;
75019496;202411;2024-11-13;0.7;0.0;4.0;70.0;0.0;0.0;1.0;1.0;;3.0;4.0;30.0;;;;;;;;;;;;;;
75019501;202411;2024-11-12;0.6;0.0;3.0;30.0;0.0;0.0;1.0;0.0;;10.0;10.0;49.0;;;;;;;;;;;;;;
75019504;202411;2024-11-26;0.6;1.0;4.0;58.0;0.0;0.0;0.0;0.0;;2.0;8.0;19.0;;;;;;;;;;;;;;
75019508;202411;2024-11-01;1.1;1.0;3.0;59.0;0.0;0.0;1.0;0.0;;-20.0;5.0;31.0;;;;;;;;;;;;;;
75019534;202411;2024-11-01;0.6;0.0;3.0;38.0;0.0;0.0;1.0;1.0;;-2.0;-1.0;53.0;;;;;;;;;;;;;;
75019546;202411;2024-11-22;0.6;1.0;4.0;31.0;0.0;0.0;1.0;1.0;;10.0;5.0;13.0;;;;;;;;;;;;;;
75019600;202411;2024-11-23;3.2;0.0;2.0;76.0;0.0;0.0;0.0;0.0;;3.0;5.0;50.0;;;;;;;;;;;;;;
75019602;202411;2024-11-14;0.6;1.0;4.0;40.0;1.0;0.0;1.0;2.0;;-2.0;-5.0;50.0;;;;;;;;;;;;;;
75019611;202411;2024-11-23;1.0;0.0;4.0;76.0;0.0;0.0;1.0;0.0;;4.0;5.0;20.0;;;;;;;;;;;;;;
75019616;202411;2024-11-04;0.6;0.0;3.0;46.0;0.0;0.0;1.0;9.0;;5.0;25.0;20.0;;;;;;;;;;;;;;
75019630;202411;2024-11-19;0.6;0.0;3.0;42.0;0.0;0.0;0.0;0.0;;1.0;5.0;80.0;;;;;;;;;;;;;;
75019632;202411;2024-11-20;0.6;1.0;4.0;56.0;0.0;1.0;0.0;0.0;;44.0;8.0;35.0;;;;;;;;;;;;;;
75019633;202411;2024-11-19;0.8;0.0;3.0;44.0;0.0;0.0;1.0;0.0;;6.0;10.0;5.0;;;;;;;;;;;;;;
75019636;202411;2024-11-21;0.8;1.0;3.0;48.0;0.0;0.0;1.0;0.0;;-5.0;2.0;40.0;;;;;;;;;;;;;;
75019647;202411;2024-11-12;1.1;0.0;3.0;61.0;0.0;0.0;1.0;0.0;;4.0;5.0;40.0;;;;;;;;;;;;;;
75019653;202411;2024-11-19;0.6;0.0;4.0;32.0;0.0;0.0;1.0;0.0;;-8.0;3.0;70.0;;;;;;;;;;;;;;
75019660;202411;2024-11-01;0.6;0.0;4.0;38.0;0.0;0.0;1.0;1.0;;2.0;-3.0;81.0;;;;;;;;;;;;;;
75019714;202411;2024-11-26;0.6;1.0;3.0;34.0;0.0;0.0;1.0;1.0;;30.0;10.0;19.0;;;;;;;;;;;;;;
75019735;202411;2024-11-04;0.5;1.0;4.0;51.0;0.0;0.0;1.0;1.0;;4.0;2.0;50.0;;;;;;;;;;;;;;
75019736;202411;2024-11-05;0.5;1.0;4.0;31.0;0.0;0.0;1.0;1.0;;5.0;2.0;60.0;;;;;;;;;;;;;;
75019750;202411;2024-11-19;3.1;1.0;2.0;65.0;0.0;0.0;1.0;1.0;;4.0;-5.0;9.0;;;;;;;;;;;;;;
75019757;202411;2024-11-23;0.9;1.0;3.0;46.0;0.0;0.0;1.0;1.0;;-7.0;-1.0;49.0;;;;;;;;;;;;;;
75019764;202411;2024-11-02;2.4;1.0;2.0;32.0;0.0;1.0;1.0;2.0;;20.0;19.0;20.0;;;;;;;;;;;;;;
75019777;202411;2024-11-12;0.9;0.0;4.0;63.0;0.0;0.0;1.0;0.0;;8.0;5.0;40.0;;;;;;;;;;;;;;
75019782;202411;2024-11-25;0.7;1.0;4.0;39.0;0.0;0.0;1.0;2.0;;-5.0;5.0;4.0;;;;;;;;;;;;;;
75019807;202411;2024-11-23;0.8;0.0;4.0;27.0;1.0;0.0;1.0;2.0;;-10.0;10.0;10.0;;;;;;;;;;;;;;
75019842;202411;2024-11-11;0.8;0.0;4.0;57.0;0.0;0.0;1.0;2.0;;-4.0;-5.0;80.0;;;;;;;;;;;;;;
75019850;202411;2024-11-13;1.6;1.0;2.0;34.0;0.0;0.0;1.0;6.0;;-30.0;-1.0;52.0;;;;;;;;;;;;;;
75019853;202411;2024-11-21;0.7;0.0;4.0;36.0;1.0;0.0;1.0;0.0;;5.0;-4.0;65.0;;;;;;;;;;;;;;
75019865;202411;2024-11-21;0.9;0.0;3.0;80.0;0.0;0.0;1.0;0.0;;6.0;8.0;31.0;;;;;;;;;;;;;;
75019902;202411;2024-11-04;1.0;0.0;3.0;66.0;0.0;0.0;1.0;0.0;;3.2;2.0;50.0;;;;;;;;;;;;;;
75019909;202411;2024-11-12;0.6;0.0;3.0;32.0;0.0;0.0;1.0;0.0;;8.0;3.0;40.0;;;;;;;;;;;;;;
75019911;202411;2024-11-24;0.7;1.0;4.0;25.0;1.0;0.0;0.0;0.0;;4.0;5.0;70.0;;;;;;;;;;;;;;
75019917;202411;2024-11-18;0.7;1.0;4.0;50.0;0.0;0.0;1.0;0.0;;2.0;20.0;2.0;;;;;;;;;;;;;;
75019922;202411;2024-11-14;1.7;1.0;2.0;30.0;0.0;1.0;0.0;1.0;;10.0;-10.0;29.0;;;;;;;;;;;;;;
75019933;202411;2024-11-24;2.4;0.0;2.0;42.0;0.0;0.0;0.0;0.0;;10.0;10.0;50.0;;;;;;;;;;;;;;
75019938;202411;2024-11-09;1.2;1.0;3.0;57.0;1.0;0.0;0.0;0.0;;6.0;2.0;47.0;;;;;;;;;;;;;;
75019952;202411;2024-11-04;1.2;1.0;3.0;77.0;0.0;0.0;0.0;0.0;;-5.0;2.0;2.0;;;;;;;;;;;;;;
75019955;202411;2024-11-07;0.6;0.0;4.0;35.0;1.0;0.0;1.0;3.0;;-2.8;3.0;15.0;;;;;;;;;;;;;;
75019967;202411;2024-11-20;0.7;0.0;4.0;39.0;0.0;0.0;1.0;3.0;;1.0;5.0;70.0;;;;;;;;;;;;;;
75019984;202411;2024-11-18;0.6;1.0;4.0;23.0;0.0;0.0;0.0;0.0;;70.0;48.0;64.0;;;;;;;;;;;;;;
75019989;202411;2024-11-21;2.0;0.0;2.0;39.0;1.0;0.0;0.0;0.0;;-20.0;10.0;20.0;;;;;;;;;;;;;;
75019991;202411;2024-11-03;0.7;1.0;3.0;23.0;0.0;1.0;0.0;0.0;;3.0;4.0;14.0;;;;;;;;;;;;;;
75020004;202411;2024-11-13;0.6;1.0;4.0;41.0;0.0;0.0;1.0;1.0;;-10.0;3.0;10.0;;;;;;;;;;;;;;
75020015;202411;2024-11-12;2.9;0.0;2.0;70.0;0.0;0.0;0.0;0.0;;4.0;-4.0;25.0;;;;;;;;;;;;;;
75020020;202411;2024-11-13;1.1;0.0;4.0;72.0;0.0;0.0;0.0;0.0;;4.0;3.0;40.0;;;;;;;;;;;;;;
75020022;202411;2024-11-13;0.5;1.0;4.0;30.0;0.0;0.0;0.0;0.0;;3.0;15.0;5.0;;;;;;;;;;;;;;
75020026;202411;2024-11-06;0.8;0.0;3.0;45.0;0.0;0.0;1.0;1.0;;6.0;5.0;40.0;;;;;;;;;;;;;;
75020030;202411;2024-11-07;0.7;0.0;3.0;39.0;0.0;0.0;1.0;2.0;;2.0;10.0;80.0;;;;;;;;;;;;;;
75020035;202411;2024-11-19;0.9;0.0;4.0;50.0;1.0;0.0;0.0;0.0;;13.0;100.0;50.0;;;;;;;;;;;;;;
75020038;202411;2024-11-16;0.6;1.0;4.0;37.0;1.0;0.0;1.0;0.0;;20.0;20.0;18.0;;;;;;;;;;;;;;
75020042;202411;2024-11-23;0.6;1.0;4.0;55.0;0.0;0.0;0.0;0.0;;15.0;10.0;19.0;;;;;;;;;;;;;;
75020048;202411;2024-11-07;0.9;0.0;4.0;50.0;0.0;0.0;1.0;0.0;;-2.0;-10.0;81.0;;;;;;;;;;;;;;
75020063;202411;2024-11-30;0.9;0.0;3.0;71.0;0.0;0.0;1.0;1.0;;3.0;3.0;70.0;;;;;;;;;;;;;;
75020066;202411;2024-11-01;0.6;1.0;3.0;44.0;0.0;1.0;0.0;4.0;;25.0;30.0;41.0;;;;;;;;;;;;;;
75020068;202411;2024-11-12;2.4;1.0;2.0;64.0;1.0;0.0;1.0;0.0;;20.0;15.0;10.0;;;;;;;;;;;;;;
75020069;202411;2024-11-07;1.2;1.0;3.0;59.0;0.0;0.0;1.0;0.0;;2.0;2.0;51.0;;;;;;;;;;;;;;
75020085;202411;2024-11-09;0.5;0.0;4.0;44.0;0.0;0.0;1.0;2.0;;2.0;3.0;90.0;;;;;;;;;;;;;;
75020094;202411;2024-11-26;0.8;1.0;3.0;36.0;0.0;0.0;1.0;2.0;;-3.0;5.0;17.0;;;;;;;;;;;;;;
75020096;202411;2024-11-12;0.7;1.0;3.0;40.0;0.0;0.0;0.0;5.0;;-10.0;-5.0;46.0;;;;;;;;;;;;;;
75020097;202411;2024-11-03;1.0;0.0;3.0;67.0;0.0;0.0;0.0;1.0;;3.0;2.0;50.0;;;;;;;;;;;;;;
75020118;202411;2024-11-24;3.4;0.0;1.0;69.0;0.0;0.0;0.0;0.0;;2.0;2.0;70.0;;;;;;;;;;;;;;
75020124;202411;2024-11-01;0.7;0.0;4.0;30.0;0.0;0.0;0.0;0.0;;5.0;10.0;60.0;;;;;;;;;;;;;;
75020128;202411;2024-11-21;1.0;0.0;3.0;62.0;0.0;0.0;1.0;0.0;;-12.0;-20.0;30.0;;;;;;;;;;;;;;
75020129;202411;2024-11-18;0.6;1.0;4.0;37.0;0.0;0.0;1.0;1.0;;3.0;4.0;80.0;;;;;;;;;;;;;;
75020151;202411;2024-11-20;0.7;1.0;3.0;46.0;0.0;0.0;0.0;1.0;;34.0;2.0;9.0;;;;;;;;;;;;;;
75020153;202411;2024-11-19;1.2;1.0;3.0;61.0;0.0;0.0;1.0;0.0;;10.0;5.0;50.0;;;;;;;;;;;;;;
75020155;202411;2024-11-14;1.0;1.0;4.0;68.0;0.0;1.0;0.0;1.0;;50.0;50.0;11.0;;;;;;;;;;;;;;
75020166;202411;2024-11-23;1.1;1.0;3.0;85.0;0.0;0.0;0.0;0.0;;4.0;-5.0;89.0;;;;;;;;;;;;;;
75020171;202411;2024-11-30;1.0;1.0;3.0;50.0;1.0;0.0;1.0;1.0;;25.0;10.0;26.0;;;;;;;;;;;;;;
75020177;202411;2024-11-20;0.9;1.0;4.0;28.0;0.0;0.0;1.0;0.0;;4.0;5.0;41.0;;;;;;;;;;;;;;
75020187;202411;2024-11-20;0.7;1.0;4.0;75.0;0.0;0.0;0.0;0.0;;4.0;-5.0;30.0;;;;;;;;;;;;;;
75020188;202411;2024-11-07;0.5;1.0;4.0;42.0;0.0;0.0;0.0;3.0;;20.0;20.0;30.0;;;;;;;;;;;;;;
75020189;202411;2024-11-16;0.9;0.0;3.0;27.0;0.0;0.0;1.0;0.0;;1.0;10.0;32.0;;;;;;;;;;;;;;
75020195;202411;2024-11-21;0.5;0.0;4.0;41.0;0.0;0.0;0.0;1.0;;3.0;15.0;79.0;;;;;;;;;;;;;;
75020196;202411;2024-11-03;0.8;0.0;4.0;57.0;0.0;0.0;1.0;0.0;;-4.0;-15.0;70.0;;;;;;;;;;;;;;
75020200;202411;2024-11-15;0.6;0.0;4.0;34.0;0.0;0.0;1.0;3.0;;3.0;5.0;71.0;;;;;;;;;;;;;;
75020245;202411;2024-11-21;0.7;1.0;4.0;47.0;1.0;0.0;1.0;5.0;;-2.0;-3.0;100.0;;;;;;;;;;;;;;
75020256;202411;2024-11-22;0.5;1.0;4.0;27.0;0.0;0.0;0.0;0.0;;5.0;5.0;15.0;;;;;;;;;;;;;;
75020271;202411;2024-11-09;0.6;0.0;4.0;53.0;0.0;0.0;1.0;0.0;;50.0;10.0;41.0;;;;;;;;;;;;;;
75020274;202411;2024-11-02;1.0;0.0;4.0;67.0;1.0;0.0;1.0;2.0;;3.0;2.0;30.0;;;;;;;;;;;;;;
75020279;202411;2024-11-13;1.1;1.0;4.0;71.0;0.0;0.0;1.0;0.0;;2.0;-5.0;16.0;;;;;;;;;;;;;;
75020305;202411;2024-11-21;0.6;0.0;3.0;31.0;0.0;0.0;1.0;4.0;;-1.0;-2.0;40.0;;;;;;;;;;;;;;
75020322;202411;2024-11-12;1.0;1.0;3.0;64.0;0.0;0.0;1.0;0.0;;2.0;6.0;70.0;;;;;;;;;;;;;;
75020326;202411;2024-11-16;0.8;0.0;3.0;38.0;0.0;0.0;1.0;0.0;;11.0;7.0;48.0;;;;;;;;;;;;;;
75020328;202411;2024-11-20;1.0;0.0;3.0;59.0;0.0;0.0;0.0;0.0;;10.0;10.0;60.0;;;;;;;;;;;;;;
75020346;202411;2024-11-08;0.6;0.0;4.0;44.0;0.0;0.0;0.0;1.0;;7.0;3.0;70.0;;;;;;;;;;;;;;
75020364;202411;2024-11-13;0.4;0.0;4.0;38.0;0.0;1.0;0.0;0.0;;7.0;20.0;98.0;;;;;;;;;;;;;;
75020365;202411;2024-11-16;0.9;1.0;3.0;46.0;0.0;0.0;0.0;1.0;;2.0;2.0;9.0;;;;;;;;;;;;;;
75020366;202411;2024-11-01;0.7;0.0;4.0;46.0;0.0;0.0;0.0;0.0;;2.0;5.0;90.0;;;;;;;;;;;;;;
75020373;202411;2024-11-15;0.6;0.0;4.0;40.0;0.0;1.0;1.0;2.0;;3.0;8.0;60.0;;;;;;;;;;;;;;
75020376;202411;2024-11-02;0.6;0.0;4.0;27.0;0.0;0.0;0.0;0.0;;-15.0;2.0;75.0;;;;;;;;;;;;;;
75020380;202411;2024-11-23;0.7;1.0;4.0;37.0;0.0;0.0;0.0;2.0;;5.0;0.0;50.0;;;;;;;;;;;;;;
75020383;202411;2024-11-23;0.7;1.0;3.0;42.0;0.0;1.0;0.0;1.0;;10.0;10.0;10.0;;;;;;;;;;;;;;
75020386;202411;2024-11-06;0.6;0.0;4.0;44.0;0.0;0.0;1.0;3.0;;4.0;4.0;50.0;;;;;;;;;;;;;;
75020390;202411;2024-11-06;0.6;0.0;4.0;29.0;0.0;0.0;0.0;0.0;;40.0;20.0;40.0;;;;;;;;;;;;;;
75020394;202411;2024-11-18;0.8;0.0;4.0;58.0;0.0;0.0;1.0;3.0;;2.5;5.0;40.0;;;;;;;;;;;;;;
75020397;202411;2024-11-04;0.4;0.0;4.0;37.0;0.0;0.0;1.0;5.0;;-1.0;3.0;60.0;;;;;;;;;;;;;;
75020398;202411;2024-11-01;0.6;1.0;4.0;42.0;0.0;0.0;1.0;2.0;;3.0;10.0;85.0;;;;;;;;;;;;;;
75020402;202411;2024-11-12;0.6;0.0;4.0;49.0;1.0;0.0;1.0;2.0;;-30.0;-5.0;75.0;;;;;;;;;;;;;;
75020411;202411;2024-11-24;0.7;1.0;4.0;72.0;0.0;0.0;1.0;0.0;;4.0;10.0;40.0;;;;;;;;;;;;;;
75020429;202411;2024-11-04;1.2;1.0;3.0;69.0;0.0;0.0;1.0;0.0;;-50.0;-5.0;50.0;;;;;;;;;;;;;;
75020432;202411;2024-11-22;1.5;1.0;3.0;80.0;0.0;0.0;0.0;0.0;;5.0;-10.0;30.0;;;;;;;;;;;;;;
75020434;202411;2024-11-19;0.5;0.0;4.0;32.0;0.0;0.0;1.0;0.0;;3.0;10.0;69.0;;;;;;;;;;;;;;
75020436;202411;2024-11-12;1.0;0.0;3.0;51.0;0.0;0.0;0.0;0.0;;-2.0;15.0;85.0;;;;;;;;;;;;;;
75020449;202411;2024-11-19;1.9;0.0;2.0;49.0;0.0;0.0;1.0;0.0;;-5.0;3.0;39.0;;;;;;;;;;;;;;
75020454;202411;2024-11-02;0.7;1.0;4.0;61.0;0.0;0.0;0.0;0.0;;5.0;5.0;50.0;;;;;;;;;;;;;;
75020456;202411;2024-11-09;2.5;1.0;2.0;23.0;0.0;0.0;0.0;0.0;;8.0;0.0;1.0;;;;;;;;;;;;;;
75020463;202411;2024-11-17;1.2;1.0;3.0;71.0;0.0;0.0;0.0;2.0;;-20.0;-25.0;70.0;;;;;;;;;;;;;;
75020471;202411;2024-11-28;0.6;1.0;4.0;32.0;0.0;0.0;0.0;0.0;;8.0;5.0;10.0;;;;;;;;;;;;;;
75020484;202411;2024-11-02;0.9;0.0;4.0;65.0;0.0;0.0;0.0;1.0;;5.0;14.0;30.0;;;;;;;;;;;;;;
75020497;202411;2024-11-19;0.4;0.0;4.0;43.0;0.0;0.0;1.0;0.0;;1.5;5.0;48.0;;;;;;;;;;;;;;
75020498;202411;2024-11-12;0.8;1.0;3.0;30.0;0.0;1.0;1.0;5.0;;-10.0;-2.0;15.0;;;;;;;;;;;;;;
75020502;202411;2024-11-20;0.5;1.0;4.0;34.0;1.0;1.0;1.0;3.0;;5.0;15.0;75.0;;;;;;;;;;;;;;
75020504;202411;2024-11-13;0.8;1.0;3.0;45.0;0.0;0.0;0.0;1.0;;-2.0;-5.0;50.0;;;;;;;;;;;;;;
75020506;202411;2024-11-01;0.6;1.0;4.0;38.0;0.0;0.0;0.0;0.0;;-2.2;3.0;60.0;;;;;;;;;;;;;;
75020510;202411;2024-11-02;0.7;0.0;4.0;57.0;0.0;0.0;1.0;1.0;;4.0;8.0;76.0;;;;;;;;;;;;;;
75020521;202411;2024-11-17;1.2;1.0;3.0;68.0;0.0;0.0;0.0;0.0;;2.7;5.0;20.0;;;;;;;;;;;;;;
75020527;202411;2024-11-19;1.1;1.0;;71.0;0.0;0.0;0.0;0.0;;20.0;-5.0;20.0;;;;;;;;;;;;;;
75020537;202411;2024-11-12;0.9;0.0;4.0;50.0;0.0;0.0;1.0;0.0;;2.0;4.0;60.0;;;;;;;;;;;;;;
75020542;202411;2024-11-12;1.2;1.0;3.0;51.0;0.0;0.0;1.0;0.0;;-3.0;-3.0;20.0;;;;;;;;;;;;;;
75020550;202411;2024-11-26;0.6;0.0;4.0;43.0;0.0;0.0;1.0;2.0;;-40.0;5.0;30.0;;;;;;;;;;;;;;
75020552;202411;2024-11-04;0.9;1.0;3.0;41.0;0.0;0.0;0.0;5.0;;10.0;5.0;5.0;;;;;;;;;;;;;;
75020557;202411;2024-11-16;0.8;0.0;3.0;54.0;0.0;0.0;0.0;0.0;;5.0;15.0;10.0;;;;;;;;;;;;;;
75020576;202411;2024-11-27;0.4;1.0;4.0;47.0;0.0;0.0;0.0;0.0;;20.0;10.0;75.0;;;;;;;;;;;;;;
75020580;202411;2024-11-13;0.8;1.0;4.0;63.0;0.0;0.0;0.0;1.0;;5.0;5.0;70.0;;;;;;;;;;;;;;
75020588;202411;2024-11-12;0.8;1.0;3.0;35.0;0.0;1.0;0.0;2.0;;4.0;2.0;4.0;;;;;;;;;;;;;;
75020598;202411;2024-11-20;0.6;0.0;4.0;57.0;0.0;0.0;1.0;2.0;;5.0;5.0;20.0;;;;;;;;;;;;;;
75020603;202411;2024-11-22;0.6;1.0;3.0;32.0;1.0;0.0;1.0;2.0;;-2.0;2.0;7.0;;;;;;;;;;;;;;
75020610;202411;2024-11-14;1.6;1.0;2.0;35.0;0.0;0.0;1.0;2.0;;4.0;12.0;20.0;;;;;;;;;;;;;;
75020614;202411;2024-11-20;0.7;0.0;4.0;59.0;0.0;0.0;1.0;1.0;;3.0;6.0;50.0;;;;;;;;;;;;;;
75020680;202411;2024-11-02;0.4;0.0;4.0;36.0;0.0;0.0;0.0;0.0;;2.0;1.0;30.0;;;;;;;;;;;;;;
75020706;202411;2024-11-02;0.7;1.0;4.0;57.0;0.0;0.0;1.0;2.0;;3.0;8.0;80.0;;;;;;;;;;;;;;
75020707;202411;2024-11-12;1.2;1.0;3.0;56.0;0.0;0.0;0.0;0.0;;-2.0;5.0;70.0;;;;;;;;;;;;;;
75020753;202411;2024-11-16;0.6;1.0;4.0;26.0;0.0;0.0;0.0;0.0;;10.0;15.0;70.0;;;;;;;;;;;;;;
75020754;202411;2024-11-20;0.9;0.0;3.0;61.0;0.0;0.0;1.0;2.0;;-3.0;3.0;60.0;;;;;;;;;;;;;;
75020775;202411;2024-11-13;1.0;1.0;3.0;61.0;0.0;0.0;1.0;0.0;;-10.0;2.0;60.0;;;;;;;;;;;;;;
75020776;202411;2024-11-04;0.8;1.0;4.0;58.0;0.0;0.0;1.0;1.0;;2.0;10.0;5.0;;;;;;;;;;;;;;
75020780;202411;2024-11-04;0.6;0.0;4.0;29.0;0.0;0.0;1.0;1.0;;3.0;-2.0;50.0;;;;;;;;;;;;;;
75020786;202411;2024-11-30;0.7;0.0;3.0;44.0;0.0;0.0;0.0;0.0;;5.0;15.0;60.0;;;;;;;;;;;;;;
75020789;202411;2024-11-01;0.8;0.0;3.0;45.0;0.0;0.0;1.0;1.0;;2.0;10.0;40.0;;;;;;;;;;;;;;
75020812;202411;2024-11-07;0.7;0.0;4.0;56.0;1.0;1.0;1.0;1.0;;4.0;3.0;51.0;;;;;;;;;;;;;;
75020815;202411;2024-11-20;1.7;1.0;2.0;38.0;0.0;0.0;1.0;3.0;;35.0;20.0;10.0;;;;;;;;;;;;;;
75020818;202411;2024-11-12;0.7;0.0;4.0;68.0;0.0;0.0;1.0;0.0;;-3.0;7.0;71.0;;;;;;;;;;;;;;
75020826;202411;2024-11-12;1.1;0.0;3.0;53.0;0.0;0.0;0.0;0.0;;5.0;5.0;5.0;;;;;;;;;;;;;;
75020829;202411;2024-11-19;0.6;0.0;4.0;29.0;0.0;0.0;;0.0;;;;;;;;;;;;;;;;;;
75020830;202411;2024-11-22;2.5;0.0;2.0;23.0;0.0;1.0;0.0;0.0;;-20.0;20.0;47.0;;;;;;;;;;;;;;
75020833;202411;2024-11-13;2.0;1.0;2.0;59.0;0.0;0.0;1.0;0.0;;5.0;10.0;40.0;;;;;;;;;;;;;;
75020835;202411;2024-11-12;2.3;1.0;2.0;38.0;1.0;0.0;0.0;5.0;;8.0;5.0;70.0;;;;;;;;;;;;;;
75020838;202411;2024-11-14;3.6;0.0;2.0;70.0;0.0;0.0;1.0;0.0;;10.0;5.0;10.0;;;;;;;;;;;;;;
75020847;202411;2024-11-16;0.8;1.0;3.0;58.0;0.0;1.0;1.0;1.0;;5.0;10.0;10.0;;;;;;;;;;;;;;
75020862;202411;2024-11-25;3.2;0.0;2.0;63.0;0.0;0.0;0.0;0.0;;4.0;12.0;60.0;;;;;;;;;;;;;;
75020880;202411;2024-11-14;0.4;1.0;4.0;34.0;1.0;0.0;1.0;2.0;;-30.0;-30.0;94.0;;;;;;;;;;;;;;
75020884;202411;2024-11-15;2.7;0.0;2.0;60.0;0.0;0.0;0.0;0.0;;2.0;5.0;25.0;;;;;;;;;;;;;;
75020894;202411;2024-11-27;1.0;1.0;3.0;73.0;0.0;0.0;0.0;0.0;;10.0;15.0;2.0;;;;;;;;;;;;;;
75020906;202411;2024-11-24;1.2;1.0;3.0;71.0;0.0;0.0;0.0;0.0;;5.0;0.0;50.0;;;;;;;;;;;;;;
75020916;202411;2024-11-08;0.8;0.0;4.0;28.0;0.0;0.0;1.0;0.0;;-2.0;5.0;60.0;;;;;;;;;;;;;;
75020922;202411;2024-11-12;1.2;0.0;3.0;70.0;0.0;0.0;1.0;0.0;;-5.0;20.0;18.0;;;;;;;;;;;;;;
75020939;202411;2024-11-12;1.0;1.0;3.0;26.0;1.0;0.0;0.0;0.0;;-5.0;2.0;11.0;;;;;;;;;;;;;;
75020942;202411;2024-11-28;0.6;1.0;4.0;42.0;0.0;0.0;0.0;1.0;;-1.0;1.0;56.0;;;;;;;;;;;;;;
75020952;202411;2024-11-25;1.3;0.0;3.0;61.0;0.0;0.0;1.0;0.0;;2.0;2.0;72.0;;;;;;;;;;;;;;
75020955;202411;2024-11-23;2.5;0.0;2.0;52.0;0.0;0.0;1.0;1.0;;70.0;20.0;10.0;;;;;;;;;;;;;;
75020956;202411;2024-11-13;0.8;0.0;4.0;74.0;0.0;0.0;1.0;0.0;;2.0;-7.0;80.0;;;;;;;;;;;;;;
75020957;202411;2024-11-14;0.9;0.0;3.0;31.0;0.0;1.0;1.0;0.0;;20.0;20.0;25.0;;;;;;;;;;;;;;
75020958;202411;2024-11-13;0.6;0.0;4.0;51.0;0.0;0.0;0.0;0.0;;5.0;3.0;40.0;;;;;;;;;;;;;;
75020960;202411;2024-11-12;0.6;1.0;4.0;35.0;0.0;0.0;1.0;0.0;;4.0;2.0;60.0;;;;;;;;;;;;;;
75020968;202411;2024-11-08;0.7;0.0;3.0;28.0;0.0;0.0;0.0;0.0;;3.0;15.0;40.0;;;;;;;;;;;;;;
75020970;202411;2024-11-22;0.8;1.0;3.0;23.0;0.0;0.0;0.0;0.0;;-25.0;-50.0;52.0;;;;;;;;;;;;;;
75020980;202411;2024-11-16;0.7;0.0;3.0;48.0;1.0;0.0;0.0;0.0;;7.0;10.0;41.0;;;;;;;;;;;;;;
75020981;202411;2024-11-02;0.4;0.0;4.0;36.0;0.0;1.0;1.0;0.0;;10.0;30.0;5.0;;;;;;;;;;;;;;
75020983;202411;2024-11-27;0.9;0.0;3.0;41.0;0.0;0.0;0.0;3.0;;5.0;2.0;50.0;;;;;;;;;;;;;;
75020997;202411;2024-11-03;1.2;1.0;3.0;64.0;0.0;0.0;1.0;0.0;;10.0;10.0;20.0;;;;;;;;;;;;;;
75021000;202411;2024-11-12;0.4;1.0;4.0;30.0;0.0;0.0;0.0;0.0;;6.0;5.0;50.0;;;;;;;;;;;;;;
75021011;202411;2024-11-23;0.7;1.0;4.0;41.0;0.0;0.0;1.0;2.0;;3.0;-5.0;50.0;;;;;;;;;;;;;;
75021042;202411;2024-11-19;4.2;0.0;2.0;81.0;0.0;0.0;1.0;0.0;;-8.0;10.0;8.0;;;;;;;;;;;;;;
75021050;202411;2024-11-20;0.8;0.0;4.0;54.0;0.0;0.0;0.0;0.0;;-20.0;-15.0;79.0;;;;;;;;;;;;;;
75021052;202411;2024-11-21;1.2;1.0;3.0;51.0;0.0;0.0;0.0;1.0;;7.0;6.0;49.0;;;;;;;;;;;;;;
75021060;202411;2024-11-01;0.6;1.0;4.0;29.0;0.0;0.0;0.0;0.0;;-3.0;-5.0;22.0;;;;;;;;;;;;;;
75021062;202411;2024-11-20;0.4;1.0;4.0;38.0;0.0;0.0;1.0;3.0;;10.0;-2.0;9.0;;;;;;;;;;;;;;
75021071;202411;2024-11-19;0.6;0.0;4.0;46.0;0.0;0.0;1.0;2.0;;7.0;3.0;49.0;;;;;;;;;;;;;;
75021076;202411;2024-11-07;0.9;0.0;4.0;55.0;0.0;0.0;0.0;0.0;;10.0;4.0;0.0;;;;;;;;;;;;;;
75021079;202411;2024-11-19;1.2;1.0;3.0;58.0;0.0;0.0;0.0;0.0;;7.0;-10.0;10.0;;;;;;;;;;;;;;
75021089;202411;2024-11-21;0.6;0.0;4.0;28.0;0.0;0.0;1.0;1.0;;2.0;2.0;70.0;;;;;;;;;;;;;;
75021091;202411;2024-11-12;0.8;0.0;3.0;34.0;0.0;1.0;0.0;0.0;;85.0;75.0;65.0;;;;;;;;;;;;;;
75021092;202411;2024-11-01;0.7;0.0;4.0;24.0;0.0;0.0;1.0;0.0;;6.0;12.0;80.0;;;;;;;;;;;;;;
75021095;202411;2024-11-25;0.9;1.0;4.0;62.0;0.0;0.0;0.0;0.0;;5.0;10.0;65.0;;;;;;;;;;;;;;
75021104;202411;2024-11-18;1.0;1.0;4.0;61.0;0.0;1.0;1.0;0.0;;10.0;15.0;2.0;;;;;;;;;;;;;;
75021134;202411;2024-11-29;0.7;1.0;3.0;21.0;0.0;0.0;1.0;0.0;;-5.0;-10.0;50.0;;;;;;;;;;;;;;
75021142;202411;2024-11-02;0.8;0.0;4.0;73.0;0.0;0.0;0.0;0.0;;3.0;5.0;50.0;;;;;;;;;;;;;;
75021153;202411;2024-11-12;0.5;0.0;4.0;45.0;0.0;1.0;0.0;0.0;;3.0;15.0;100.0;;;;;;;;;;;;;;
75021165;202411;2024-11-22;1.1;0.0;3.0;56.0;0.0;0.0;1.0;1.0;;-2.0;3.0;60.0;;;;;;;;;;;;;;
75021167;202411;2024-11-16;0.8;0.0;4.0;76.0;0.0;0.0;0.0;1.0;;4.0;10.0;50.0;;;;;;;;;;;;;;
75021178;202411;2024-11-02;1.0;0.0;3.0;82.0;0.0;0.0;1.0;0.0;;8.0;12.0;10.0;;;;;;;;;;;;;;
75021184;202411;2024-11-29;0.9;0.0;3.0;49.0;0.0;0.0;1.0;0.0;;-10.0;3.0;20.0;;;;;;;;;;;;;;
75021188;202411;2024-11-19;1.3;0.0;3.0;67.0;0.0;0.0;1.0;0.0;;-15.0;20.0;59.0;;;;;;;;;;;;;;
75021194;202411;2024-11-02;0.5;0.0;4.0;43.0;0.0;0.0;1.0;2.0;;3.0;5.0;50.0;;;;;;;;;;;;;;
75021216;202411;2024-11-23;0.8;0.0;4.0;66.0;0.0;0.0;0.0;0.0;;-3.0;-5.0;60.0;;;;;;;;;;;;;;
75021234;202411;2024-11-02;0.5;1.0;3.0;40.0;0.0;1.0;0.0;1.0;;10.0;-5.0;5.0;;;;;;;;;;;;;;
75021237;202411;2024-11-13;0.8;0.0;3.0;55.0;0.0;0.0;1.0;1.0;;-3.0;10.0;49.0;;;;;;;;;;;;;;
75021241;202411;2024-11-14;0.7;1.0;4.0;29.0;0.0;0.0;1.0;0.0;;4.0;-3.0;50.0;;;;;;;;;;;;;;
75021243;202411;2024-11-14;1.2;1.0;3.0;74.0;0.0;0.0;0.0;0.0;;5.0;10.0;28.0;;;;;;;;;;;;;;
75021254;202411;2024-11-19;0.8;1.0;4.0;53.0;0.0;0.0;1.0;2.0;;-5.0;2.0;80.0;;;;;;;;;;;;;;
75021265;202411;2024-11-13;0.7;0.0;4.0;45.0;0.0;0.0;1.0;0.0;;5.0;15.0;20.0;;;;;;;;;;;;;;
75021269;202411;2024-11-26;0.7;0.0;4.0;44.0;0.0;0.0;1.0;0.0;;2.5;4.0;65.0;;;;;;;;;;;;;;
75021272;202411;2024-11-20;0.6;0.0;4.0;32.0;0.0;0.0;1.0;1.0;;-2.0;-5.0;5.0;;;;;;;;;;;;;;
75021273;202411;2024-11-17;1.2;0.0;3.0;75.0;0.0;0.0;1.0;1.0;;15.0;8.0;30.0;;;;;;;;;;;;;;
75021280;202411;2024-11-24;0.9;1.0;3.0;33.0;0.0;0.0;1.0;0.0;;4.0;20.0;31.0;;;;;;;;;;;;;;
75021298;202411;2024-11-04;3.4;0.0;2.0;52.0;1.0;0.0;1.0;0.0;;7.0;5.0;50.0;;;;;;;;;;;;;;
75021307;202411;2024-11-26;1.0;0.0;3.0;62.0;0.0;0.0;1.0;0.0;;8.0;10.0;90.0;;;;;;;;;;;;;;
75021314;202411;2024-11-19;0.7;1.0;4.0;50.0;0.0;0.0;1.0;0.0;;3.5;5.0;10.0;;;;;;;;;;;;;;
75021339;202411;2024-11-20;1.2;1.0;3.0;72.0;0.0;0.0;1.0;0.0;;2.0;3.0;7.0;;;;;;;;;;;;;;
75021349;202411;2024-11-12;0.8;0.0;4.0;62.0;0.0;0.0;1.0;0.0;;5.0;5.0;11.0;;;;;;;;;;;;;;
75021352;202411;2024-11-12;0.9;1.0;4.0;54.0;0.0;0.0;0.0;1.0;;5.0;10.0;61.0;;;;;;;;;;;;;;
75021355;202411;2024-11-16;0.9;0.0;4.0;56.0;0.0;0.0;1.0;2.0;;2.0;2.0;71.0;;;;;;;;;;;;;;
75021356;202411;2024-11-20;1.5;1.0;3.0;64.0;1.0;0.0;0.0;0.0;;5.0;5.0;41.0;;;;;;;;;;;;;;
75021361;202411;2024-11-23;0.4;1.0;4.0;37.0;0.0;0.0;1.0;0.0;;5.0;12.0;60.0;;;;;;;;;;;;;;
75021365;202411;2024-11-24;0.6;0.0;4.0;29.0;0.0;0.0;1.0;0.0;;20.0;20.0;50.0;;;;;;;;;;;;;;
75021369;202411;2024-11-01;2.6;1.0;2.0;43.0;1.0;0.0;1.0;2.0;;5.0;5.0;50.0;;;;;;;;;;;;;;
75021374;202411;2024-11-17;0.7;1.0;4.0;64.0;0.0;0.0;1.0;0.0;;3.0;15.0;8.0;;;;;;;;;;;;;;
75021395;202411;2024-11-22;0.9;1.0;4.0;55.0;0.0;0.0;1.0;2.0;;2.0;5.0;50.0;;;;;;;;;;;;;;
75021396;202411;2024-11-23;0.6;1.0;4.0;33.0;0.0;0.0;1.0;0.0;;8.0;3.0;80.0;;;;;;;;;;;;;;
75021422;202411;2024-11-12;1.9;1.0;1.0;32.0;0.0;0.0;1.0;5.0;;-3.0;-5.0;3.0;;;;;;;;;;;;;;
75021430;202411;2024-11-19;0.9;0.0;3.0;71.0;0.0;0.0;1.0;0.0;;-50.0;-10.0;50.0;;;;;;;;;;;;;;
75021440;202411;2024-11-04;0.8;0.0;4.0;25.0;0.0;0.0;1.0;0.0;;-2.0;-10.0;82.0;;;;;;;;;;;;;;
75021441;202411;2024-11-13;1.3;1.0;3.0;67.0;0.0;0.0;0.0;1.0;;3.0;2.0;20.0;;;;;;;;;;;;;;
75021443;202411;2024-11-13;0.7;1.0;4.0;36.0;0.0;0.0;1.0;1.0;;2.0;5.0;50.0;;;;;;;;;;;;;;
75021448;202411;2024-11-05;1.3;0.0;3.0;63.0;0.0;0.0;0.0;0.0;;4.0;-5.0;84.0;;;;;;;;;;;;;;
75021455;202411;2024-11-22;0.5;0.0;4.0;32.0;0.0;0.0;1.0;2.0;;-2.0;5.0;49.0;;;;;;;;;;;;;;
75021459;202411;2024-11-23;0.5;1.0;4.0;42.0;0.0;0.0;1.0;2.0;;-2.0;3.0;11.0;;;;;;;;;;;;;;
75021462;202411;2024-11-08;0.7;0.0;4.0;33.0;1.0;0.0;1.0;0.0;;6.0;-3.0;40.0;;;;;;;;;;;;;;
75021464;202411;2024-11-02;3.4;0.0;1.0;67.0;0.0;0.0;1.0;0.0;;-15.0;1.0;51.0;;;;;;;;;;;;;;
75021466;202411;2024-11-15;0.5;0.0;4.0;23.0;0.0;0.0;0.0;0.0;;5.0;4.0;71.0;;;;;;;;;;;;;;
75021470;202411;2024-11-02;0.4;0.0;4.0;31.0;0.0;0.0;0.0;0.0;;4.0;4.0;30.0;;;;;;;;;;;;;;
75021477;202411;2024-11-27;0.6;0.0;4.0;30.0;0.0;1.0;0.0;0.0;;4.0;9.0;30.0;;;;;;;;;;;;;;
75021482;202411;2024-11-22;1.3;0.0;3.0;77.0;0.0;0.0;1.0;0.0;;7.0;12.0;40.0;;;;;;;;;;;;;;
75021495;202411;2024-11-13;0.6;0.0;4.0;31.0;0.0;1.0;0.0;0.0;;2.5;2.0;50.0;;;;;;;;;;;;;;
75021504;202411;2024-11-02;0.5;1.0;4.0;38.0;0.0;0.0;1.0;2.0;;3.0;3.0;50.0;;;;;;;;;;;;;;
75021506;202411;2024-11-19;0.9;0.0;4.0;64.0;0.0;0.0;0.0;0.0;;3.0;5.0;50.0;;;;;;;;;;;;;;
75021509;202411;2024-11-30;0.6;0.0;4.0;45.0;1.0;0.0;1.0;2.0;;-2.0;5.0;100.0;;;;;;;;;;;;;;
75021514;202411;2024-11-07;0.6;0.0;4.0;37.0;0.0;0.0;1.0;3.0;;8.0;8.0;20.0;;;;;;;;;;;;;;
75021516;202411;2024-11-26;1.0;0.0;3.0;60.0;0.0;0.0;1.0;0.0;;10.0;20.0;13.0;;;;;;;;;;;;;;
75021519;202411;2024-11-12;1.0;0.0;3.0;53.0;0.0;0.0;0.0;0.0;;-3.0;2.0;10.0;;;;;;;;;;;;;;
75021527;202411;2024-11-20;0.8;1.0;4.0;55.0;0.0;0.0;1.0;0.0;;10.0;15.0;3.0;;;;;;;;;;;;;;
75021537;202411;2024-11-30;1.0;1.0;4.0;71.0;0.0;0.0;1.0;0.0;;-2.0;20.0;60.0;;;;;;;;;;;;;;
75021562;202411;2024-11-01;2.8;0.0;2.0;80.0;0.0;0.0;1.0;0.0;;5.0;3.0;53.0;;;;;;;;;;;;;;
75021568;202411;2024-11-04;1.2;1.0;3.0;66.0;0.0;1.0;1.0;0.0;;-3.0;5.0;40.0;;;;;;;;;;;;;;
75021570;202411;2024-11-12;0.5;0.0;4.0;33.0;0.0;0.0;1.0;0.0;;3.0;3.0;70.0;;;;;;;;;;;;;;
75021584;202411;2024-11-22;0.6;0.0;4.0;31.0;0.0;0.0;1.0;1.0;;2.0;5.0;75.0;;;;;;;;;;;;;;
75021589;202411;2024-11-06;0.7;1.0;4.0;41.0;0.0;0.0;1.0;3.0;;-1.0;2.0;49.0;;;;;;;;;;;;;;
75021591;202411;2024-11-10;0.6;1.0;3.0;31.0;0.0;0.0;1.0;2.0;;67.0;40.0;7.0;;;;;;;;;;;;;;
75021623;202411;2024-11-23;0.5;1.0;4.0;30.0;0.0;0.0;1.0;0.0;;10.0;10.0;50.0;;;;;;;;;;;;;;
75021629;202411;2024-11-14;0.6;1.0;4.0;54.0;0.0;0.0;0.0;1.0;;-4.0;-2.0;50.0;;;;;;;;;;;;;;
75021642;202411;2024-11-01;0.7;1.0;4.0;50.0;0.0;0.0;1.0;0.0;;2.0;3.0;70.0;;;;;;;;;;;;;;
75021644;202411;2024-11-03;1.2;0.0;3.0;19.0;0.0;0.0;0.0;2.0;;-5.0;-5.0;70.0;;;;;;;;;;;;;;
75021651;202411;2024-11-04;0.8;0.0;3.0;42.0;1.0;0.0;1.0;2.0;;3.0;-20.0;10.0;;;;;;;;;;;;;;
75021652;202411;2024-11-13;0.4;1.0;4.0;31.0;0.0;0.0;1.0;0.0;;-12.0;10.0;73.0;;;;;;;;;;;;;;
75021653;202411;2024-11-13;0.9;1.0;3.0;41.0;0.0;0.0;1.0;3.0;;10.0;10.0;10.0;;;;;;;;;;;;;;
75021654;202411;2024-11-07;0.6;1.0;3.0;42.0;0.0;0.0;0.0;0.0;;2.0;10.0;5.0;;;;;;;;;;;;;;
75021659;202411;2024-11-21;0.7;0.0;4.0;48.0;0.0;0.0;0.0;0.0;;2.8;-3.0;50.0;;;;;;;;;;;;;;
75021671;202411;2024-11-19;1.0;1.0;3.0;29.0;0.0;1.0;0.0;0.0;;10.0;20.0;10.0;;;;;;;;;;;;;;
75021679;202411;2024-11-04;0.6;0.0;3.0;49.0;0.0;0.0;1.0;2.0;;-1.0;2.0;25.0;;;;;;;;;;;;;;
75021680;202411;2024-11-12;0.6;1.0;4.0;28.0;0.0;1.0;1.0;2.0;;-20.0;20.0;50.0;;;;;;;;;;;;;;
75021681;202411;2024-11-21;0.7;1.0;4.0;30.0;0.0;1.0;0.0;0.0;;-9.0;3.0;34.0;;;;;;;;;;;;;;
75021682;202411;2024-11-12;2.0;1.0;2.0;59.0;0.0;0.0;0.0;0.0;;-20.0;-10.0;40.0;;;;;;;;;;;;;;
75021692;202411;2024-11-16;0.5;1.0;4.0;46.0;0.0;0.0;0.0;0.0;;11.0;15.0;60.0;;;;;;;;;;;;;;
75021700;202411;2024-11-15;1.2;1.0;3.0;63.0;0.0;0.0;0.0;0.0;;-20.0;-20.0;40.0;;;;;;;;;;;;;;
75021703;202411;2024-11-22;1.0;1.0;3.0;78.0;0.0;0.0;0.0;0.0;;2.0;5.0;50.0;;;;;;;;;;;;;;
75021732;202411;2024-11-26;0.8;1.0;4.0;27.0;1.0;0.0;1.0;0.0;;3.0;5.0;50.0;;;;;;;;;;;;;;
75021734;202411;2024-11-12;1.1;0.0;4.0;73.0;0.0;0.0;1.0;0.0;;10.0;-10.0;0.0;;;;;;;;;;;;;;
75021735;202411;2024-11-30;0.6;1.0;4.0;46.0;1.0;0.0;0.0;0.0;;1.0;0.0;80.0;;;;;;;;;;;;;;
75021741;202411;2024-11-13;1.5;1.0;3.0;73.0;0.0;0.0;0.0;0.0;;6.0;15.0;20.0;;;;;;;;;;;;;;
75021752;202411;2024-11-17;0.6;1.0;3.0;43.0;0.0;1.0;1.0;1.0;;5.0;40.0;40.0;;;;;;;;;;;;;;
75021754;202411;2024-11-19;1.1;0.0;3.0;50.0;0.0;0.0;1.0;2.0;;-15.0;4.0;25.0;;;;;;;;;;;;;;
75021755;202411;2024-11-12;0.9;1.0;4.0;54.0;0.0;1.0;1.0;2.0;;-50.0;-30.0;52.0;;;;;;;;;;;;;;
75021756;202411;2024-11-15;1.1;1.0;3.0;20.0;0.0;0.0;1.0;0.0;;1.0;1.0;44.0;;;;;;;;;;;;;;
75021759;202411;2024-11-17;0.8;0.0;3.0;45.0;0.0;0.0;1.0;1.0;;-10.0;-2.0;51.0;;;;;;;;;;;;;;
75021761;202411;2024-11-19;1.9;0.0;2.0;34.0;0.0;0.0;0.0;1.0;;12.0;20.0;5.0;;;;;;;;;;;;;;
75021767;202411;2024-11-04;0.4;1.0;4.0;38.0;0.0;1.0;0.0;0.0;;-2.0;-15.0;10.0;;;;;;;;;;;;;;
75021768;202411;2024-11-13;0.6;1.0;4.0;49.0;0.0;1.0;0.0;1.0;;-2.0;4.0;30.0;;;;;;;;;;;;;;
75021775;202411;2024-11-17;0.6;1.0;3.0;39.0;0.0;1.0;1.0;1.0;;50.0;-50.0;40.0;;;;;;;;;;;;;;
75021778;202411;2024-11-04;2.3;0.0;2.0;55.0;0.0;0.0;0.0;1.0;;30.0;70.0;89.0;;;;;;;;;;;;;;
75021787;202411;2024-11-22;0.6;1.0;4.0;58.0;0.0;0.0;0.0;2.0;;3.0;-5.0;11.0;;;;;;;;;;;;;;
75021788;202411;2024-11-12;0.8;1.0;3.0;35.0;1.0;0.0;1.0;4.0;;15.0;15.0;30.0;;;;;;;;;;;;;;
75021796;202411;2024-11-23;1.5;0.0;3.0;81.0;0.0;0.0;0.0;0.0;;5.0;6.0;31.0;;;;;;;;;;;;;;
75021803;202411;2024-11-24;3.6;0.0;1.0;60.0;0.0;0.0;1.0;3.0;;-10.0;20.0;10.0;;;;;;;;;;;;;;
75021827;202411;2024-11-20;0.6;1.0;4.0;50.0;0.0;0.0;1.0;0.0;;12.5;13.5;70.0;;;;;;;;;;;;;;
75021839;202411;2024-11-12;0.5;1.0;3.0;35.0;0.0;0.0;1.0;0.0;;-5.0;-25.0;50.0;;;;;;;;;;;;;;
75021849;202411;2024-11-20;0.9;0.0;3.0;37.0;1.0;0.0;1.0;1.0;;4.0;10.0;1.0;;;;;;;;;;;;;;
75021855;202411;2024-11-23;0.5;1.0;4.0;30.0;0.0;0.0;1.0;0.0;;10.0;25.0;40.0;;;;;;;;;;;;;;
75021857;202411;2024-11-18;0.4;1.0;4.0;38.0;0.0;0.0;1.0;2.0;;-1.0;-5.0;43.0;;;;;;;;;;;;;;
75021861;202411;2024-11-02;0.6;1.0;3.0;47.0;0.0;0.0;0.0;6.0;;-5.0;5.0;10.0;;;;;;;;;;;;;;
75021862;202411;2024-11-28;0.7;1.0;4.0;65.0;0.0;0.0;0.0;0.0;;3.0;5.0;40.0;;;;;;;;;;;;;;
75021892;202411;2024-11-07;0.9;0.0;4.0;57.0;0.0;0.0;1.0;1.0;;2.0;4.0;50.0;;;;;;;;;;;;;;
75021896;202411;2024-11-20;0.7;0.0;4.0;84.0;0.0;0.0;1.0;1.0;;3.5;-5.0;60.0;;;;;;;;;;;;;;
75021904;202411;2024-11-12;1.1;1.0;3.0;70.0;0.0;0.0;0.0;0.0;;-50.0;25.0;10.0;;;;;;;;;;;;;;
75021905;202411;2024-11-04;1.3;1.0;3.0;65.0;0.0;0.0;1.0;0.0;;10.0;6.0;39.0;;;;;;;;;;;;;;
75021913;202411;2024-11-28;1.1;1.0;3.0;19.0;0.0;0.0;0.0;0.0;;3.0;5.0;31.0;;;;;;;;;;;;;;
75021918;202411;2024-11-13;0.8;0.0;3.0;53.0;0.0;0.0;1.0;2.0;;-2.0;-5.0;80.0;;;;;;;;;;;;;;
75021927;202411;2024-11-19;1.9;1.0;2.0;35.0;0.0;0.0;0.0;2.0;;50.0;0.0;50.0;;;;;;;;;;;;;;
75021955;202411;2024-11-01;0.4;1.0;4.0;32.0;0.0;0.0;1.0;0.0;;19.0;-2.0;5.0;;;;;;;;;;;;;;
75021973;202411;2024-11-01;0.6;0.0;4.0;43.0;0.0;0.0;0.0;0.0;;5.0;7.0;17.0;;;;;;;;;;;;;;
75021989;202411;2024-11-12;0.4;0.0;4.0;33.0;0.0;0.0;0.0;5.0;;5.0;5.0;60.0;;;;;;;;;;;;;;
75021995;202411;2024-11-13;1.0;1.0;3.0;63.0;0.0;0.0;0.0;0.0;;6.0;10.0;31.0;;;;;;;;;;;;;;
75022000;202411;2024-11-12;0.6;0.0;4.0;35.0;0.0;0.0;1.0;2.0;;3.0;5.0;90.0;;;;;;;;;;;;;;
75022001;202411;2024-11-19;2.3;0.0;1.0;43.0;0.0;0.0;1.0;2.0;;15.0;4.0;12.0;;;;;;;;;;;;;;
75022008;202411;2024-11-01;1.8;1.0;1.0;45.0;1.0;1.0;0.0;3.0;;10.0;-10.0;34.0;;;;;;;;;;;;;;
75022026;202411;2024-11-19;0.6;0.0;3.0;35.0;0.0;0.0;0.0;0.0;;2.0;1.0;67.0;;;;;;;;;;;;;;
75022028;202411;2024-11-12;1.3;1.0;3.0;63.0;0.0;0.0;1.0;0.0;;-40.0;-5.0;41.0;;;;;;;;;;;;;;
75022038;202411;2024-11-02;0.7;1.0;4.0;39.0;0.0;0.0;0.0;0.0;;-2.0;3.0;50.0;;;;;;;;;;;;;;
75022044;202411;2024-11-04;3.9;0.0;2.0;70.0;0.0;0.0;0.0;2.0;;50.0;50.0;20.0;;;;;;;;;;;;;;
75022049;202411;2024-11-11;3.6;1.0;2.0;77.0;0.0;0.0;0.0;0.0;;-5.0;10.0;54.0;;;;;;;;;;;;;;
75022050;202411;2024-11-14;0.5;1.0;3.0;39.0;1.0;0.0;1.0;2.0;;2.0;3.0;1.0;;;;;;;;;;;;;;
75022051;202411;2024-11-19;0.8;0.0;4.0;57.0;1.0;0.0;1.0;1.0;;5.0;5.0;50.0;;;;;;;;;;;;;;
75022056;202411;2024-11-02;0.4;0.0;4.0;36.0;0.0;0.0;1.0;0.0;;3.0;8.0;99.0;;;;;;;;;;;;;;
75022065;202411;2024-11-18;0.6;0.0;4.0;23.0;0.0;0.0;1.0;0.0;;3.0;3.0;70.0;;;;;;;;;;;;;;
75022068;202411;2024-11-19;0.4;0.0;4.0;41.0;0.0;0.0;1.0;4.0;;3.0;-5.0;76.0;;;;;;;;;;;;;;
75022073;202411;2024-11-30;0.6;1.0;4.0;38.0;0.0;0.0;1.0;3.0;;-1.0;3.0;95.0;;;;;;;;;;;;;;
75022076;202411;2024-11-05;3.4;0.0;1.0;84.0;1.0;0.0;0.0;0.0;;2.0;1.0;80.0;;;;;;;;;;;;;;
75022077;202411;2024-11-01;0.6;1.0;3.0;36.0;0.0;1.0;0.0;2.0;;15.0;25.0;42.0;;;;;;;;;;;;;;
75022081;202411;2024-11-13;1.5;0.0;2.0;44.0;0.0;0.0;1.0;3.0;;-2.0;-5.0;25.0;;;;;;;;;;;;;;
75022082;202411;2024-11-03;1.0;0.0;4.0;73.0;0.0;0.0;1.0;0.0;;3.0;5.0;60.0;;;;;;;;;;;;;;
75022083;202411;2024-11-12;0.6;0.0;4.0;57.0;0.0;0.0;1.0;0.0;;1.0;3.0;70.0;;;;;;;;;;;;;;
75022086;202411;2024-11-01;3.0;0.0;2.0;27.0;0.0;0.0;0.0;0.0;;-18.0;-22.0;16.0;;;;;;;;;;;;;;
75022089;202411;2024-11-05;0.6;0.0;4.0;27.0;0.0;0.0;1.0;0.0;;3.0;5.0;71.0;;;;;;;;;;;;;;
75022090;202411;2024-11-20;2.1;0.0;2.0;30.0;0.0;0.0;1.0;3.0;;-8.0;-3.0;20.0;;;;;;;;;;;;;;
75022095;202411;2024-11-21;2.2;1.0;2.0;41.0;0.0;1.0;1.0;1.0;;-5.0;5.0;10.0;;;;;;;;;;;;;;
75022096;202411;2024-11-01;0.6;0.0;4.0;51.0;0.0;0.0;0.0;0.0;;3.5;-10.0;70.0;;;;;;;;;;;;;;
75022098;202411;2024-11-01;0.6;0.0;3.0;46.0;0.0;0.0;0.0;0.0;;8.0;5.0;50.0;;;;;;;;;;;;;;
75022104;202411;2024-11-01;1.1;1.0;3.0;57.0;0.0;1.0;0.0;0.0;;50.0;-50.0;30.0;;;;;;;;;;;;;;
75022106;202411;2024-11-11;0.6;0.0;4.0;44.0;0.0;0.0;1.0;2.0;;-3.0;-10.0;85.0;;;;;;;;;;;;;;
75022107;202411;2024-11-25;0.6;1.0;3.0;40.0;0.0;0.0;1.0;3.0;;-16.0;-2.0;28.0;;;;;;;;;;;;;;
75022109;202411;2024-11-13;0.5;0.0;4.0;42.0;0.0;0.0;1.0;2.0;;5.0;10.0;60.0;;;;;;;;;;;;;;
75022123;202411;2024-11-08;1.8;0.0;2.0;33.0;0.0;1.0;1.0;2.0;;75.0;85.0;85.0;;;;;;;;;;;;;;
75022125;202411;2024-11-19;0.7;1.0;3.0;35.0;0.0;0.0;0.0;2.0;;12.0;10.0;40.0;;;;;;;;;;;;;;
75022133;202411;2024-11-13;0.7;1.0;4.0;48.0;0.0;0.0;1.0;2.0;;15.0;8.0;59.0;;;;;;;;;;;;;;
75022134;202411;2024-11-25;1.0;0.0;3.0;52.0;0.0;0.0;0.0;0.0;;2.0;20.0;50.0;;;;;;;;;;;;;;
75022135;202411;2024-11-23;0.9;1.0;4.0;29.0;0.0;0.0;1.0;2.0;;-2.0;5.0;10.0;;;;;;;;;;;;;;
75022147;202411;2024-11-20;0.5;0.0;4.0;32.0;0.0;0.0;1.0;3.0;;3.0;3.0;60.0;;;;;;;;;;;;;;
75022152;202411;2024-11-01;2.0;0.0;2.0;32.0;0.0;0.0;0.0;0.0;;3.0;10.0;10.0;;;;;;;;;;;;;;
75022156;202411;2024-11-01;1.2;0.0;3.0;67.0;0.0;0.0;0.0;0.0;;4.0;5.0;75.0;;;;;;;;;;;;;;
75022166;202411;2024-11-03;0.8;0.0;3.0;47.0;1.0;0.0;1.0;2.0;;3.0;10.0;95.0;;;;;;;;;;;;;;
75022170;202411;2024-11-18;0.8;0.0;4.0;58.0;0.0;0.0;1.0;1.0;;4.0;2.0;40.0;;;;;;;;;;;;;;
75022173;202411;2024-11-02;1.5;0.0;3.0;64.0;0.0;0.0;0.0;0.0;;2.5;10.0;50.0;;;;;;;;;;;;;;
75022178;202411;2024-11-01;0.5;1.0;3.0;47.0;0.0;0.0;0.0;1.0;;-1.5;-3.0;84.0;;;;;;;;;;;;;;
75022182;202411;2024-11-08;0.7;0.0;4.0;36.0;0.0;0.0;1.0;0.0;;3.0;5.0;70.0;;;;;;;;;;;;;;
75022184;202411;2024-11-26;1.2;1.0;3.0;50.0;0.0;0.0;1.0;1.0;;5.0;5.0;63.0;;;;;;;;;;;;;;
75022186;202411;2024-11-05;0.7;1.0;4.0;37.0;0.0;0.0;1.0;0.0;;10.0;10.0;20.0;;;;;;;;;;;;;;
75022190;202411;2024-11-03;0.4;0.0;4.0;31.0;0.0;0.0;1.0;0.0;;3.0;3.0;60.0;;;;;;;;;;;;;;
75022214;202411;2024-11-05;2.5;0.0;2.0;52.0;0.0;0.0;1.0;1.0;;2.0;10.0;30.0;;;;;;;;;;;;;;
75022215;202411;2024-11-19;1.7;1.0;2.0;45.0;1.0;0.0;0.0;3.0;;10.0;15.0;10.0;;;;;;;;;;;;;;
75022219;202411;2024-11-05;0.8;1.0;4.0;25.0;0.0;0.0;0.0;0.0;;2.6;5.0;70.0;;;;;;;;;;;;;;
75022220;202411;2024-11-19;2.0;0.0;2.0;43.0;0.0;0.0;0.0;0.0;;-5.0;10.0;15.0;;;;;;;;;;;;;;
75022221;202411;2024-11-12;0.9;0.0;3.0;52.0;0.0;0.0;1.0;2.0;;-15.0;10.0;75.0;;;;;;;;;;;;;;
75022224;202411;2024-11-30;0.9;0.0;3.0;24.0;0.0;0.0;1.0;0.0;;-5.0;-5.0;27.0;;;;;;;;;;;;;;
75022234;202411;2024-11-08;0.7;0.0;4.0;67.0;0.0;0.0;0.0;0.0;;-10.0;-2.0;69.0;;;;;;;;;;;;;;
75022235;202411;2024-11-19;0.9;1.0;4.0;25.0;0.0;0.0;1.0;0.0;;3.0;-5.0;20.0;;;;;;;;;;;;;;
75022239;202411;2024-11-01;1.0;1.0;3.0;58.0;0.0;0.0;0.0;0.0;;20.0;20.0;20.0;;;;;;;;;;;;;;
75022241;202411;2024-11-17;1.6;1.0;2.0;30.0;0.0;0.0;1.0;2.0;;0.0;2.0;20.0;;;;;;;;;;;;;;
75022242;202411;2024-11-12;1.6;1.0;2.0;37.0;0.0;0.0;0.0;0.0;;-6.0;-3.0;20.0;;;;;;;;;;;;;;
75022253;202411;2024-11-22;1.1;0.0;3.0;56.0;0.0;0.0;0.0;2.0;;2.0;-4.0;40.0;;;;;;;;;;;;;;
75022264;202411;2024-11-20;1.2;0.0;3.0;63.0;1.0;0.0;1.0;0.0;;-2.0;-3.0;14.0;;;;;;;;;;;;;;
75022267;202411;2024-11-25;0.8;0.0;3.0;45.0;0.0;0.0;0.0;0.0;;2.7;6.0;60.0;;;;;;;;;;;;;;
75022272;202411;2024-11-03;0.6;0.0;4.0;55.0;0.0;0.0;1.0;1.0;;8.0;20.0;38.0;;;;;;;;;;;;;;
75022305;202411;2024-11-12;1.0;1.0;3.0;67.0;0.0;0.0;1.0;0.0;;6.0;2.0;5.0;;;;;;;;;;;;;;
75022313;202411;2024-11-03;1.6;0.0;2.0;38.0;0.0;0.0;0.0;0.0;;5.0;15.0;34.0;;;;;;;;;;;;;;
75022324;202411;2024-11-12;0.9;0.0;4.0;72.0;0.0;0.0;1.0;0.0;;20.0;7.0;30.0;;;;;;;;;;;;;;
75022334;202411;2024-11-19;0.6;1.0;4.0;41.0;0.0;0.0;1.0;2.0;;9.0;10.0;49.0;;;;;;;;;;;;;;
75022348;202411;2024-11-21;1.2;1.0;3.0;56.0;1.0;0.0;0.0;0.0;;60.0;10.0;60.0;;;;;;;;;;;;;;
75022360;202411;2024-11-02;1.1;1.0;3.0;76.0;0.0;0.0;0.0;0.0;;-3.0;2.0;31.0;;;;;;;;;;;;;;
75022362;202411;2024-11-13;0.7;0.0;3.0;36.0;0.0;0.0;1.0;1.0;;5.0;2.0;50.0;;;;;;;;;;;;;;
75022366;202411;2024-11-02;0.4;1.0;4.0;49.0;0.0;0.0;1.0;2.0;;3.0;10.0;25.0;;;;;;;;;;;;;;
75022381;202411;2024-11-01;0.7;1.0;3.0;34.0;0.0;0.0;1.0;1.0;;3.0;2.0;5.0;;;;;;;;;;;;;;
75022428;202411;2024-11-16;2.8;1.0;2.0;68.0;0.0;0.0;0.0;0.0;;2.4;3.0;50.0;;;;;;;;;;;;;;
75022447;202411;2024-11-12;0.8;0.0;4.0;55.0;0.0;0.0;0.0;0.0;;-1.0;2.0;75.0;;;;;;;;;;;;;;
75022448;202411;2024-11-13;3.2;1.0;2.0;62.0;0.0;1.0;0.0;1.0;;50.0;50.0;40.0;;;;;;;;;;;;;;
75022453;202411;2024-11-12;1.3;0.0;3.0;73.0;0.0;0.0;1.0;0.0;;-2.0;15.0;60.0;;;;;;;;;;;;;;
75022465;202411;2024-11-08;1.7;1.0;2.0;45.0;0.0;0.0;1.0;2.0;;-25.0;-10.0;26.0;;;;;;;;;;;;;;
75022466;202411;2024-11-19;1.2;0.0;3.0;56.0;1.0;0.0;1.0;1.0;;5.0;5.0;6.0;;;;;;;;;;;;;;
75022467;202411;2024-11-03;1.2;1.0;3.0;74.0;0.0;0.0;0.0;0.0;;-35.0;-10.0;5.0;;;;;;;;;;;;;;
75022476;202411;2024-11-01;0.6;1.0;4.0;39.0;0.0;0.0;1.0;3.0;;2.0;10.0;50.0;;;;;;;;;;;;;;
75022483;202411;2024-11-04;0.6;1.0;4.0;42.0;0.0;1.0;0.0;1.0;;12.0;30.0;57.0;;;;;;;;;;;;;;
75022517;202411;2024-11-06;3.1;0.0;2.0;72.0;0.0;0.0;1.0;0.0;;-25.0;-3.0;16.0;;;;;;;;;;;;;;
75022544;202411;2024-11-05;1.2;0.0;3.0;53.0;0.0;0.0;1.0;3.0;;5.0;2.0;10.0;;;;;;;;;;;;;;
75022548;202411;2024-11-14;3.4;1.0;2.0;65.0;0.0;0.0;0.0;0.0;;50.0;10.0;21.0;;;;;;;;;;;;;;
75022550;202411;2024-11-12;1.2;1.0;3.0;81.0;0.0;0.0;0.0;0.0;;3.0;10.0;60.0;;;;;;;;;;;;;;
75022551;202411;2024-11-25;0.7;0.0;4.0;38.0;0.0;0.0;1.0;0.0;;2.6;-3.0;50.0;;;;;;;;;;;;;;
75022562;202411;2024-11-02;0.5;0.0;3.0;;;0.0;1.0;0.0;;5.0;-10.0;50.0;;;;;;;;;;;;;;
75022566;202411;2024-11-13;3.4;0.0;2.0;65.0;0.0;0.0;0.0;0.0;;25.0;12.0;10.0;;;;;;;;;;;;;;
75022579;202411;2024-11-04;0.7;0.0;3.0;33.0;0.0;1.0;0.0;2.0;;2.0;3.0;20.0;;;;;;;;;;;;;;
75022586;202411;2024-11-01;1.1;0.0;;63.0;0.0;0.0;0.0;0.0;;-25.0;5.0;40.0;;;;;;;;;;;;;;
75022590;202411;2024-11-13;1.2;1.0;3.0;71.0;0.0;0.0;0.0;0.0;;3.0;-10.0;50.0;;;;;;;;;;;;;;
75022598;202411;2024-11-19;0.6;1.0;4.0;37.0;1.0;1.0;1.0;2.0;;-3.0;-3.0;10.0;;;;;;;;;;;;;;
75022606;202411;2024-11-12;0.6;1.0;4.0;35.0;0.0;0.0;0.0;1.0;;4.0;5.0;50.0;;;;;;;;;;;;;;
75022607;202411;2024-11-04;0.9;0.0;3.0;69.0;0.0;0.0;1.0;1.0;;5.0;8.0;6.0;;;;;;;;;;;;;;
75022610;202411;2024-11-13;1.5;0.0;3.0;88.0;0.0;0.0;0.0;0.0;;4.0;10.0;35.0;;;;;;;;;;;;;;
75022612;202411;2024-11-04;0.8;1.0;3.0;49.0;0.0;0.0;1.0;4.0;;10.0;-10.0;15.0;;;;;;;;;;;;;;
75022631;202411;2024-11-07;0.6;0.0;4.0;44.0;0.0;0.0;1.0;1.0;;-3.0;-10.0;70.0;;;;;;;;;;;;;;
75022632;202411;2024-11-24;0.4;1.0;4.0;36.0;0.0;0.0;0.0;1.0;;10.0;5.0;10.0;;;;;;;;;;;;;;
75022636;202411;2024-11-13;1.1;0.0;3.0;50.0;0.0;0.0;1.0;2.0;;-50.0;10.0;68.0;;;;;;;;;;;;;;
75022641;202411;2024-11-15;0.7;0.0;4.0;65.0;0.0;0.0;1.0;0.0;;4.0;3.0;60.0;;;;;;;;;;;;;;
75022645;202411;2024-11-02;0.6;1.0;4.0;30.0;1.0;0.0;1.0;0.0;;100.0;100.0;100.0;;;;;;;;;;;;;;
75022649;202411;2024-11-01;0.6;0.0;4.0;43.0;0.0;0.0;1.0;3.0;;3.0;5.0;60.0;;;;;;;;;;;;;;
75022661;202411;2024-11-01;3.4;1.0;2.0;71.0;0.0;0.0;0.0;0.0;;20.0;15.0;10.0;;;;;;;;;;;;;;
75022686;202411;2024-11-20;1.0;1.0;3.0;61.0;0.0;0.0;1.0;0.0;;-30.0;-10.0;62.0;;;;;;;;;;;;;;
75022691;202411;2024-11-02;0.6;0.0;4.0;58.0;0.0;0.0;1.0;1.0;;3.0;3.0;45.0;;;;;;;;;;;;;;
75022695;202411;2024-11-13;0.8;1.0;4.0;55.0;0.0;0.0;1.0;0.0;;-59.0;10.0;28.0;;;;;;;;;;;;;;
75022699;202411;2024-11-23;0.9;1.0;3.0;77.0;0.0;0.0;1.0;0.0;;-8.0;-10.0;30.0;;;;;;;;;;;;;;
75022704;202411;2024-11-01;0.8;1.0;4.0;70.0;0.0;0.0;1.0;0.0;;-5.0;-10.0;50.0;;;;;;;;;;;;;;
75022710;202411;2024-11-04;1.2;1.0;3.0;72.0;0.0;0.0;1.0;0.0;;-2.0;-2.0;50.0;;;;;;;;;;;;;;
75022721;202411;2024-11-30;2.7;0.0;2.0;65.0;0.0;0.0;1.0;0.0;;2.0;1.5;60.0;;;;;;;;;;;;;;
75022730;202411;2024-11-13;0.6;0.0;3.0;31.0;0.0;0.0;1.0;3.0;;-5.0;2.0;25.0;;;;;;;;;;;;;;
75022734;202411;2024-11-12;0.6;1.0;4.0;57.0;0.0;0.0;0.0;3.0;;25.0;25.0;40.0;;;;;;;;;;;;;;
75022761;202411;2024-11-19;0.9;1.0;3.0;59.0;0.0;0.0;0.0;0.0;;50.0;-25.0;20.0;;;;;;;;;;;;;;
75022773;202411;2024-11-12;0.7;1.0;4.0;58.0;0.0;0.0;1.0;0.0;;1.0;-1.0;60.0;;;;;;;;;;;;;;
75022798;202411;2024-11-01;0.4;1.0;4.0;35.0;0.0;0.0;0.0;0.0;;30.0;20.0;23.0;;;;;;;;;;;;;;
75022804;202411;2024-11-19;2.4;0.0;2.0;61.0;0.0;0.0;1.0;0.0;;3.0;3.0;50.0;;;;;;;;;;;;;;
75022812;202411;2024-11-04;2.0;0.0;2.0;30.0;0.0;0.0;0.0;0.0;;-1.0;6.0;49.0;;;;;;;;;;;;;;
75022819;202411;2024-11-03;0.8;0.0;4.0;62.0;0.0;0.0;1.0;0.0;;2.5;4.0;60.0;;;;;;;;;;;;;;
75022862;202411;2024-11-01;1.1;0.0;4.0;63.0;0.0;0.0;1.0;0.0;;5.0;3.0;50.0;;;;;;;;;;;;;;
75022873;202411;2024-11-13;0.8;0.0;4.0;65.0;0.0;1.0;0.0;0.0;;5.0;15.0;22.0;;;;;;;;;;;;;;
75022876;202411;2024-11-01;0.5;1.0;4.0;46.0;0.0;0.0;1.0;6.0;;3.0;-10.0;31.0;;;;;;;;;;;;;;
75022900;202411;2024-11-01;0.5;0.0;4.0;36.0;0.0;0.0;0.0;0.0;;-1.0;15.0;54.0;;;;;;;;;;;;;;
75022906;202411;2024-11-12;0.8;1.0;3.0;43.0;0.0;0.0;1.0;7.0;;-5.0;-20.0;97.0;;;;;;;;;;;;;;
75022916;202411;2024-11-04;0.6;0.0;4.0;49.0;0.0;0.0;1.0;2.0;;2.0;5.0;80.0;;;;;;;;;;;;;;
75022920;202411;2024-11-19;1.6;1.0;2.0;33.0;0.0;0.0;1.0;2.0;;-25.0;-20.0;46.0;;;;;;;;;;;;;;
75022926;202411;2024-11-02;0.6;0.0;4.0;46.0;0.0;0.0;1.0;1.0;;4.0;5.0;80.0;;;;;;;;;;;;;;
75022928;202411;2024-11-03;0.6;0.0;4.0;39.0;0.0;1.0;1.0;1.0;;4.0;4.0;50.0;;;;;;;;;;;;;;
75022935;202411;2024-11-19;1.2;1.0;3.0;62.0;0.0;0.0;0.0;1.0;;5.0;2.0;51.0;;;;;;;;;;;;;;
75022938;202411;2024-11-19;0.6;0.0;4.0;49.0;0.0;0.0;1.0;2.0;;-10.0;-3.0;100.0;;;;;;;;;;;;;;
75022945;202411;2024-11-20;0.8;0.0;3.0;32.0;0.0;1.0;0.0;0.0;;35.0;50.0;0.0;;;;;;;;;;;;;;
75022947;202411;2024-11-07;0.9;1.0;4.0;60.0;0.0;0.0;0.0;0.0;;-2.0;-10.0;70.0;;;;;;;;;;;;;;
75022949;202411;2024-11-01;0.5;1.0;4.0;43.0;0.0;1.0;0.0;1.0;;65.0;3.0;59.0;;;;;;;;;;;;;;
75022969;202411;2024-11-04;0.8;0.0;4.0;61.0;0.0;0.0;1.0;0.0;;2.5;3.0;70.0;;;;;;;;;;;;;;
75022982;202411;2024-11-04;3.4;1.0;1.0;59.0;1.0;0.0;1.0;0.0;;-10.0;1.0;20.0;;;;;;;;;;;;;;
75022995;202411;2024-11-20;0.9;0.0;3.0;31.0;1.0;0.0;1.0;0.0;;5.0;4.0;79.0;;;;;;;;;;;;;;
75022999;202411;2024-11-19;0.9;0.0;3.0;33.0;0.0;1.0;1.0;1.0;;3.0;-1.0;24.0;;;;;;;;;;;;;;
75023000;202411;2024-11-16;0.5;1.0;4.0;44.0;0.0;0.0;1.0;2.0;;-45.0;-10.0;52.0;;;;;;;;;;;;;;
75023006;202411;2024-11-19;0.6;0.0;4.0;39.0;0.0;0.0;1.0;2.0;;5.0;5.0;65.0;;;;;;;;;;;;;;
75023009;202411;2024-11-12;2.1;0.0;2.0;25.0;0.0;0.0;1.0;2.0;;2.0;6.0;30.0;;;;;;;;;;;;;;
75023010;202411;2024-11-20;2.1;0.0;2.0;43.0;0.0;0.0;1.0;0.0;;-2.0;-10.0;25.0;;;;;;;;;;;;;;
75023011;202411;2024-11-01;0.7;1.0;4.0;43.0;0.0;0.0;1.0;0.0;;-1.5;5.0;27.0;;;;;;;;;;;;;;
75023012;202411;2024-11-21;2.6;0.0;2.0;46.0;0.0;0.0;1.0;2.0;;5.0;-5.0;80.0;;;;;;;;;;;;;;
75023015;202411;2024-11-19;0.8;1.0;4.0;29.0;1.0;0.0;0.0;0.0;;5.0;15.0;48.0;;;;;;;;;;;;;;
75023020;202411;2024-11-13;0.8;0.0;3.0;59.0;0.0;0.0;1.0;1.0;;10.0;25.0;50.0;;;;;;;;;;;;;;
75023024;202411;2024-11-01;0.6;1.0;4.0;46.0;0.0;1.0;1.0;2.0;;5.0;20.0;10.0;;;;;;;;;;;;;;
75023025;202411;2024-11-12;0.5;0.0;4.0;26.0;0.0;0.0;1.0;0.0;;4.0;8.0;80.0;;;;;;;;;;;;;;
75023039;202411;2024-11-18;0.9;1.0;3.0;58.0;0.0;0.0;0.0;0.0;;-1.0;3.0;7.0;;;;;;;;;;;;;;
75023045;202411;2024-11-01;1.6;1.0;2.0;30.0;0.0;0.0;1.0;4.0;;25.0;10.0;25.0;;;;;;;;;;;;;;
75023047;202411;2024-11-01;1.1;0.0;3.0;86.0;0.0;0.0;1.0;0.0;;20.0;10.0;50.0;;;;;;;;;;;;;;
75023057;202411;2024-11-29;0.5;0.0;4.0;48.0;0.0;0.0;1.0;3.0;;10.0;-7.0;50.0;;;;;;;;;;;;;;
75023066;202411;2024-11-17;0.8;1.0;3.0;38.0;0.0;1.0;0.0;4.0;;10.0;5.0;10.0;;;;;;;;;;;;;;
75023070;202411;2024-11-02;0.7;0.0;4.0;47.0;0.0;0.0;0.0;0.0;;2.0;20.0;50.0;;;;;;;;;;;;;;
75023071;202411;2024-11-20;0.5;0.0;4.0;34.0;0.0;0.0;0.0;0.0;;15.0;8.0;0.0;;;;;;;;;;;;;;
75023072;202411;2024-11-05;1.2;1.0;3.0;61.0;0.0;0.0;0.0;0.0;;-1.8;-7.0;25.0;;;;;;;;;;;;;;
75023073;202411;2024-11-19;0.8;0.0;3.0;35.0;0.0;0.0;1.0;0.0;;7.0;13.0;13.0;;;;;;;;;;;;;;
75023081;202411;2024-11-19;0.6;0.0;4.0;59.0;0.0;0.0;0.0;0.0;;-4.0;-30.0;70.0;;;;;;;;;;;;;;
75023082;202411;2024-11-03;0.9;1.0;4.0;59.0;0.0;0.0;0.0;1.0;;5.0;10.0;24.0;;;;;;;;;;;;;;
75023083;202411;2024-11-01;0.7;1.0;4.0;26.0;0.0;0.0;0.0;0.0;;3.0;5.0;30.0;;;;;;;;;;;;;;
75023086;202411;2024-11-20;0.6;1.0;4.0;39.0;0.0;0.0;1.0;1.0;;4.0;3.0;50.0;;;;;;;;;;;;;;
75023096;202411;2024-11-13;0.6;1.0;4.0;45.0;0.0;0.0;0.0;1.0;;5.0;5.0;30.0;;;;;;;;;;;;;;
75023102;202411;2024-11-19;1.0;0.0;3.0;63.0;0.0;0.0;0.0;0.0;;3.0;-4.0;31.0;;;;;;;;;;;;;;
75023104;202411;2024-11-04;0.9;1.0;3.0;29.0;0.0;0.0;0.0;0.0;;5.0;3.0;29.0;;;;;;;;;;;;;;
75023105;202411;2024-11-25;0.7;1.0;4.0;46.0;0.0;0.0;1.0;0.0;;5.0;-2.0;50.0;;;;;;;;;;;;;;
75023106;202411;2024-11-10;0.7;0.0;4.0;28.0;0.0;0.0;1.0;0.0;;4.0;4.0;64.0;;;;;;;;;;;;;;
75023107;202411;2024-11-13;0.6;1.0;4.0;49.0;0.0;0.0;0.0;0.0;;3.0;3.0;50.0;;;;;;;;;;;;;;
75023108;202411;2024-11-25;0.9;1.0;4.0;52.0;1.0;0.0;1.0;1.0;;20.0;-10.0;8.0;;;;;;;;;;;;;;
75023111;202411;2024-11-13;0.5;1.0;4.0;45.0;1.0;0.0;0.0;1.0;;-1.0;5.0;50.0;;;;;;;;;;;;;;
75023113;202411;2024-11-12;0.8;0.0;3.0;23.0;0.0;1.0;1.0;40.0;;0.0;-67.0;35.0;;;;;;;;;;;;;;
75023126;202411;2024-11-02;1.0;0.0;3.0;53.0;0.0;0.0;1.0;1.0;;-3.5;-5.0;66.0;;;;;;;;;;;;;;
75023128;202411;2024-11-02;0.6;1.0;4.0;36.0;1.0;0.0;1.0;1.0;;8.0;10.0;51.0;;;;;;;;;;;;;;
75023131;202411;2024-11-19;0.9;1.0;4.0;28.0;0.0;0.0;1.0;0.0;;3.0;5.0;60.0;;;;;;;;;;;;;;
75023132;202411;2024-11-08;0.6;0.0;4.0;29.0;0.0;0.0;0.0;0.0;;5.0;7.0;75.0;;;;;;;;;;;;;;
75023137;202411;2024-11-08;1.3;0.0;3.0;73.0;0.0;0.0;1.0;1.0;;4.0;0.0;65.0;;;;;;;;;;;;;;
75023139;202411;2024-11-19;1.0;0.0;3.0;24.0;0.0;0.0;0.0;0.0;;-0.5;-5.0;96.0;;;;;;;;;;;;;;
75023141;202411;2024-11-02;2.3;1.0;2.0;29.0;0.0;0.0;0.0;1.0;;25.0;20.0;50.0;;;;;;;;;;;;;;
75023142;202411;2024-11-22;0.6;0.0;4.0;31.0;0.0;0.0;0.0;0.0;;-4.0;-5.0;75.0;;;;;;;;;;;;;;
75023154;202411;2024-11-19;1.4;1.0;3.0;62.0;0.0;0.0;0.0;0.0;;20.0;8.0;49.0;;;;;;;;;;;;;;
75023169;202411;2024-11-04;2.6;1.0;1.0;23.0;0.0;1.0;0.0;1.0;;3.0;40.0;40.0;;;;;;;;;;;;;;
75023181;202411;2024-11-28;1.0;1.0;3.0;53.0;1.0;1.0;1.0;1.0;;-30.0;-30.0;50.0;;;;;;;;;;;;;;
75023187;202411;2024-11-12;0.7;0.0;4.0;51.0;0.0;1.0;0.0;0.0;;5.0;30.0;65.0;;;;;;;;;;;;;;
75023188;202411;2024-11-12;0.6;1.0;4.0;53.0;0.0;0.0;0.0;0.0;;-6.0;10.0;80.0;;;;;;;;;;;;;;
75023201;202411;2024-11-13;2.3;1.0;2.0;43.0;0.0;0.0;1.0;0.0;;5.0;20.0;100.0;;;;;;;;;;;;;;
75023219;202411;2024-11-01;0.6;0.0;4.0;44.0;0.0;0.0;1.0;0.0;;3.0;15.0;72.0;;;;;;;;;;;;;;
75023226;202411;2024-11-19;0.8;0.0;4.0;27.0;0.0;0.0;1.0;1.0;;1.8;-6.0;78.0;;;;;;;;;;;;;;
75023245;202411;2024-11-01;1.8;0.0;1.0;17.0;0.0;0.0;0.0;1.0;;-23.0;-20.0;79.0;;;;;;;;;;;;;;
75023251;202411;2024-11-23;0.5;1.0;4.0;46.0;0.0;0.0;0.0;1.0;;10.0;1.0;60.0;;;;;;;;;;;;;;
75023294;202411;2024-11-07;0.7;1.0;3.0;41.0;1.0;0.0;1.0;4.0;1.0;-57.0;-15.0;29.0;150.0;1.0;242.0;1.0;10.0;1.0;100.0;1.0;5.0;1.0;3.0;1.0;2.0;1.0
75023296;202411;2024-11-20;2.6;0.0;2.0;47.0;1.0;0.0;1.0;5.0;;5.0;10.0;45.0;;;;;;;;;;;;;;
75023297;202411;2024-11-19;0.5;1.0;4.0;51.0;0.0;0.0;1.0;3.0;;10.0;5.0;90.0;;;;;;;;;;;;;;
75023298;202411;2024-11-19;2.8;1.0;2.0;69.0;0.0;1.0;1.0;0.0;1.0;-70.0;20.0;100.0;150.0;1.0;40.0;0.0;10.0;1.0;100.0;1.0;5.0;1.0;3.0;1.0;2.0;1.0
75023310;202411;2024-11-23;0.7;0.0;4.0;43.0;0.0;0.0;1.0;2.0;0.0;2.0;2.0;70.0;150.0;1.0;242.0;1.0;10.0;1.0;100.0;1.0;1.0;0.0;3.0;1.0;2.0;1.0
75023315;202411;2024-11-22;0.9;1.0;3.0;21.0;0.0;0.0;0.0;0.0;;25.0;10.0;52.0;;;;;;;;;;;;;;
75023337;202411;2024-11-22;0.9;0.0;4.0;51.0;0.0;0.0;1.0;2.0;;0.0;5.0;50.0;;;;;;;;;;;;;;
75023342;202411;2024-11-10;0.7;1.0;3.0;36.0;0.0;0.0;0.0;2.0;;10.0;5.0;50.0;;;;;;;;;;;;;;
75023370;202411;2024-11-02;0.9;1.0;3.0;72.0;0.0;0.0;1.0;0.0;;12.0;5.0;71.0;;;;;;;;;;;;;;
75023371;202411;2024-11-13;2.1;1.0;2.0;28.0;0.0;0.0;0.0;1.0;;-20.0;-10.0;30.0;;;;;;;;;;;;;;
75023382;202411;2024-11-22;0.7;0.0;3.0;35.0;0.0;0.0;1.0;0.0;;-20.0;2.0;11.0;;;;;;;;;;;;;;
75023404;202411;2024-11-20;1.3;0.0;3.0;66.0;0.0;0.0;0.0;0.0;;3.0;8.0;80.0;;;;;;;;;;;;;;
75023407;202411;2024-11-16;0.6;0.0;4.0;30.0;0.0;0.0;0.0;0.0;;7.0;10.0;50.0;;;;;;;;;;;;;;
75023441;202411;2024-11-19;0.9;1.0;4.0;66.0;0.0;0.0;1.0;0.0;1.0;3.5;3.0;50.0;150.0;1.0;242.0;1.0;10.0;1.0;100.0;1.0;5.0;1.0;3.0;1.0;2.0;1.0
75023446;202411;2024-11-16;0.6;0.0;4.0;29.0;0.0;0.0;0.0;0.0;;4.0;5.0;75.0;;;;;;;;;;;;;;
75023458;202411;2024-11-23;0.6;0.0;4.0;32.0;0.0;0.0;0.0;0.0;1.0;3.0;2.0;60.0;150.0;1.0;242.0;1.0;10.0;1.0;100.0;1.0;5.0;1.0;3.0;1.0;2.0;1.0
75023459;202411;2024-11-27;0.5;1.0;4.0;29.0;0.0;0.0;0.0;0.0;;0.0;0.0;47.0;;;;;;;;;;;;;;
75023468;202411;2024-11-01;3.4;0.0;2.0;74.0;1.0;0.0;1.0;0.0;;12.0;-30.0;45.0;;;;;;;;;;;;;;
75023470;202411;2024-11-13;0.6;0.0;4.0;31.0;0.0;0.0;1.0;0.0;;3.0;3.0;50.0;;;;;;;;;;;;;;
75023475;202411;2024-11-26;0.8;1.0;3.0;57.0;0.0;0.0;1.0;1.0;1.0;-25.0;-20.0;50.0;150.0;1.0;240.0;0.0;10.0;1.0;100.0;1.0;1.0;0.0;3.0;1.0;2.0;1.0
75023476;202411;2024-11-01;0.5;1.0;4.0;39.0;0.0;0.0;1.0;1.0;;-20.0;-10.0;55.0;;;;;;;;;;;;;;
75023480;202411;2024-11-19;0.7;1.0;4.0;30.0;0.0;0.0;1.0;0.0;;8.0;10.0;69.0;;;;;;;;;;;;;;
75023486;202411;2024-11-04;0.6;1.0;4.0;52.0;0.0;0.0;1.0;1.0;1.0;-25.0;7.0;55.0;150.0;1.0;40.0;0.0;10.0;1.0;100.0;1.0;5.0;1.0;3.0;1.0;2.0;1.0
75023521;202411;2024-11-02;2.9;1.0;2.0;64.0;0.0;0.0;1.0;0.0;1.0;5.0;20.0;49.0;150.0;1.0;242.0;1.0;1.0;0.0;100.0;1.0;5.0;1.0;3.0;1.0;2.0;1.0
75023528;202411;2024-11-03;0.6;1.0;3.0;34.0;0.0;0.0;1.0;1.0;;3.0;-10.0;20.0;;;;;;;;;;;;;;
75023544;202411;2024-11-01;0.9;1.0;4.0;55.0;0.0;0.0;0.0;1.0;;3.0;5.0;23.0;;;;;;;;;;;;;;
75023549;202411;2024-11-01;1.1;0.0;4.0;69.0;0.0;0.0;1.0;0.0;1.0;4.0;7.0;65.0;150.0;1.0;242.0;1.0;10.0;1.0;100.0;1.0;1.0;0.0;3.0;1.0;2.0;1.0
75023633;202411;2024-11-16;0.8;1.0;4.0;61.0;0.0;1.0;1.0;0.0;1.0;8.0;5.0;40.0;150.0;1.0;242.0;1.0;10.0;1.0;100.0;1.0;200.0;0.0;3.0;1.0;1.0;0.0
75023670;202411;2024-11-20;0.5;1.0;4.0;42.0;0.0;0.0;0.0;0.0;1.0;0.0;10.0;17.0;150.0;1.0;240.0;0.0;100.0;0.0;100.0;1.0;5.0;1.0;3.0;1.0;2.0;1.0
75023671;202411;2024-11-06;1.7;1.0;2.0;41.0;1.0;0.0;0.0;2.0;;12.0;-20.0;61.0;;;;;;;;;;;;;;
75023678;202411;2024-11-14;0.8;1.0;3.0;42.0;0.0;0.0;1.0;1.0;;-50.0;5.0;50.0;;;;;;;;;;;;;;
75023748;202411;2024-11-15;0.9;1.0;3.0;46.0;1.0;0.0;0.0;2.0;;-45.0;15.0;70.0;;;;;;;;;;;;;;
75023749;202411;2024-11-19;0.8;0.0;3.0;36.0;0.0;0.0;1.0;4.0;;3.0;6.0;75.0;;;;;;;;;;;;;;
75023750;202411;2024-11-01;0.7;1.0;4.0;22.0;0.0;0.0;0.0;0.0;;-1.3;-0.4;20.0;;;;;;;;;;;;;;
75023762;202411;2024-11-12;0.7;1.0;3.0;48.0;0.0;0.0;0.0;0.0;;-2.0;-10.0;64.0;;;;;;;;;;;;;;
75023769;202411;2024-11-18;3.4;1.0;2.0;67.0;1.0;0.0;1.0;1.0;;50.0;50.0;50.0;;;;;;;;;;;;;;
75023788;202411;2024-11-23;0.9;1.0;4.0;56.0;0.0;0.0;0.0;0.0;1.0;20.0;-20.0;51.0;150.0;1.0;240.0;0.0;10.0;1.0;100.0;1.0;5.0;1.0;3.0;1.0;2.0;1.0
75023791;202411;2024-11-05;0.6;0.0;4.0;35.0;0.0;0.0;0.0;0.0;0.0;5.0;10.0;60.0;150.0;1.0;264.0;0.0;10.0;1.0;100.0;1.0;5.0;1.0;3.0;1.0;2.0;1.0
75023792;202411;2024-11-12;0.7;1.0;4.0;24.0;0.0;0.0;0.0;0.0;;3.0;1.0;40.0;;;;;;;;;;;;;;
75023820;202411;2024-11-02;0.5;1.0;3.0;42.0;0.0;0.0;1.0;2.0;1.0;-15.0;-19.0;10.0;150.0;1.0;240.0;0.0;10.0;1.0;100.0;1.0;1.0;0.0;3.0;1.0;2.0;1.0
75023822;202411;2024-11-13;0.5;1.0;4.0;39.0;0.0;0.0;0.0;3.0;;-2.0;5.0;3.0;;;;;;;;;;;;;;
75023829;202411;2024-11-04;0.9;0.0;3.0;56.0;0.0;0.0;0.0;0.0;;4.0;4.0;49.0;;;;;;;;;;;;;;
75023833;202411;2024-11-12;0.5;1.0;4.0;37.0;0.0;0.0;1.0;2.0;;2.0;5.0;60.0;;;;;;;;;;;;;;
75023844;202411;2024-11-22;0.6;0.0;4.0;23.0;0.0;0.0;0.0;0.0;1.0;2.8;2.0;67.0;150.0;1.0;242.0;1.0;10.0;1.0;100.0;1.0;5.0;1.0;3.0;1.0;2.0;1.0
75023854;202411;2024-11-19;3.4;1.0;2.0;81.0;0.0;0.0;0.0;0.0;;2.0;5.0;50.0;;;;;;;;;;;;;;
75023888;202411;2024-11-01;0.8;0.0;4.0;55.0;0.0;0.0;0.0;0.0;0.0;-10.0;5.0;69.0;150.0;1.0;240.0;0.0;10.0;1.0;100.0;1.0;5.0;1.0;3.0;1.0;1.0;0.0
75023900;202411;2024-11-23;0.6;1.0;4.0;44.0;1.0;0.0;0.0;0.0;;5.0;10.0;50.0;;;;;;;;;;;;;;
75023915;202411;2024-11-26;0.7;0.0;4.0;33.0;0.0;0.0;0.0;0.0;0.0;-3.0;10.0;64.0;150.0;1.0;242.0;1.0;10.0;1.0;100.0;1.0;5.0;1.0;3.0;1.0;2.0;1.0
75023918;202411;2024-11-21;0.7;0.0;4.0;59.0;0.0;0.0;1.0;0.0;;-2.0;5.0;86.0;;;;;;;;;;;;;;
75023922;202411;2024-11-19;3.0;1.0;2.0;50.0;0.0;0.0;1.0;1.0;1.0;-40.0;-3.0;0.0;150.0;1.0;242.0;1.0;10.0;1.0;100.0;1.0;5.0;1.0;2.0;0.0;1.0;0.0
75023925;202411;2024-11-13;2.4;0.0;2.0;53.0;0.0;0.0;1.0;0.0;;15.0;15.0;13.0;;;;;;;;;;;;;;
75023937;202411;2024-11-22;2.0;1.0;1.0;46.0;0.0;0.0;0.0;1.0;0.0;20.0;7.0;19.0;150.0;1.0;240.0;0.0;20.0;0.0;100.0;1.0;500.0;0.0;3.0;1.0;2.0;1.0
75023964;202411;2024-11-16;0.9;0.0;3.0;73.0;0.0;0.0;0.0;0.0;1.0;2.0;10.0;60.0;150.0;1.0;220.0;0.0;10.0;1.0;100.0;1.0;5.0;1.0;3.0;1.0;2.0;1.0
75023965;202411;2024-11-24;0.7;0.0;4.0;76.0;0.0;0.0;1.0;0.0;;2.5;10.0;52.0;;;;;;;;;;;;;;
75023989;202411;2024-11-02;1.1;1.0;3.0;56.0;0.0;1.0;1.0;2.0;1.0;-10.0;5.0;50.0;150.0;1.0;240.0;0.0;100.0;0.0;100.0;1.0;5.0;1.0;2.0;0.0;2.0;1.0
75023993;202411;2024-11-04;0.5;0.0;4.0;39.0;0.0;0.0;1.0;0.0;;2.0;7.0;75.0;;;;;;;;;;;;;;
75023994;202411;2024-11-25;0.9;0.0;4.0;81.0;0.0;0.0;0.0;0.0;1.0;3.0;15.0;48.0;150.0;1.0;242.0;1.0;10.0;1.0;100.0;1.0;5.0;1.0;3.0;1.0;2.0;1.0
75023995;202411;2024-11-02;1.0;1.0;3.0;58.0;0.0;0.0;1.0;2.0;;-5.0;-2.0;51.0;;;;;;;;;;;;;;
75024003;202411;2024-11-01;0.7;1.0;4.0;22.0;0.0;0.0;0.0;0.0;;-3.0;5.0;40.0;;;;;;;;;;;;;;
75024006;202411;2024-11-19;0.9;1.0;4.0;77.0;0.0;0.0;0.0;0.0;1.0;-5.0;5.0;81.0;150.0;1.0;242.0;1.0;1.0;0.0;100.0;1.0;5.0;1.0;3.0;1.0;2.0;1.0
75024044;202411;2024-11-24;1.8;1.0;2.0;30.0;1.0;1.0;0.0;0.0;;-5.0;4.0;34.0;;;;;;;;;;;;;;
75024061;202411;2024-11-21;0.5;0.0;4.0;38.0;0.0;0.0;1.0;1.0;;3.0;2.0;50.0;;;;;;;;;;;;;;
75024068;202411;2024-11-20;0.8;0.0;4.0;56.0;0.0;0.0;1.0;0.0;;-2.0;5.0;69.0;;;;;;;;;;;;;;
75024075;202411;2024-11-20;0.8;1.0;4.0;57.0;0.0;0.0;1.0;1.0;1.0;-2.0;10.0;84.0;150.0;1.0;242.0;1.0;10.0;1.0;100.0;1.0;5.0;1.0;3.0;1.0;2.0;1.0
75024080;202411;2024-11-25;1.0;1.0;4.0;69.0;0.0;0.0;0.0;1.0;;5.0;-10.0;25.0;;;;;;;;;;;;;;
75024088;202411;2024-11-03;0.5;1.0;4.0;46.0;0.0;0.0;1.0;2.0;;2.0;2.0;50.0;;;;;;;;;;;;;;
75024093;202411;2024-11-19;0.6;1.0;3.0;40.0;0.0;0.0;1.0;2.0;0.0;15.0;10.0;21.0;150.0;1.0;240.0;0.0;10.0;1.0;100.0;1.0;5.0;1.0;3.0;1.0;2.0;1.0
75024094;202411;2024-11-19;2.4;0.0;2.0;42.0;0.0;0.0;0.0;0.0;;35.0;70.0;61.0;;;;;;;;;;;;;;
75024097;202411;2024-11-14;0.9;1.0;3.0;60.0;0.0;0.0;1.0;1.0;;50.0;10.0;50.0;;;;;;;;;;;;;;
75024101;202411;2024-11-04;0.9;1.0;3.0;73.0;0.0;0.0;0.0;0.0;;0.1;2.0;10.0;;;;;;;;;;;;;;
75024103;202411;2024-11-01;0.7;0.0;3.0;43.0;0.0;0.0;1.0;1.0;1.0;-40.0;-15.0;50.0;600.0;0.0;242.0;1.0;10.0;1.0;100.0;1.0;5.0;1.0;3.0;1.0;2.0;1.0
75024104;202411;2024-11-03;0.7;1.0;4.0;31.0;0.0;0.0;1.0;1.0;;-1.0;-2.0;34.0;;;;;;;;;;;;;;
75024118;202411;2024-11-12;0.5;0.0;4.0;36.0;0.0;0.0;1.0;0.0;;10.0;20.0;1.0;;;;;;;;;;;;;;
75024123;202411;2024-11-10;2.1;0.0;2.0;39.0;1.0;0.0;0.0;0.0;;45.0;18.0;80.0;;;;;;;;;;;;;;
75024131;202411;2024-11-12;0.8;1.0;3.0;36.0;0.0;1.0;0.0;0.0;;-45.0;25.0;5.0;;;;;;;;;;;;;;
75024140;202411;2024-11-07;0.6;0.0;4.0;30.0;1.0;0.0;0.0;0.0;1.0;2.3;5.0;85.0;150.0;1.0;242.0;1.0;10.0;1.0;100.0;1.0;5.0;1.0;3.0;1.0;2.0;1.0
75024143;202411;2024-11-03;0.5;0.0;4.0;42.0;0.0;0.0;0.0;0.0;1.0;3.0;5.0;61.0;150.0;1.0;242.0;1.0;10.0;1.0;100.0;1.0;5.0;1.0;3.0;1.0;2.0;1.0
75024163;202411;2024-11-01;0.8;0.0;3.0;41.0;0.0;0.0;1.0;0.0;;2.5;-2.5;41.0;;;;;;;;;;;;;;
75024172;202411;2024-11-03;0.6;0.0;4.0;40.0;0.0;0.0;1.0;3.0;1.0;3.0;10.0;75.0;150.0;1.0;242.0;1.0;10.0;1.0;100.0;1.0;5.0;1.0;3.0;1.0;2.0;1.0
75024174;202411;2024-11-08;0.6;0.0;4.0;26.0;0.0;0.0;1.0;0.0;;4.0;2.0;60.0;;;;;;;;;;;;;;
75024192;202411;2024-11-03;0.7;1.0;4.0;72.0;0.0;0.0;0.0;0.0;;10.0;-4.0;20.0;;;;;;;;;;;;;;
75024195;202411;2024-11-13;0.6;0.0;3.0;34.0;0.0;0.0;1.0;0.0;1.0;3.0;-3.0;40.0;150.0;1.0;242.0;1.0;10.0;1.0;100.0;1.0;0.0;0.0;3.0;1.0;2.0;1.0
75024196;202411;2024-11-20;0.4;1.0;4.0;41.0;0.0;0.0;0.0;1.0;;-3.0;5.0;20.0;;;;;;;;;;;;;;
75024199;202411;2024-11-26;0.4;1.0;4.0;37.0;0.0;0.0;0.0;0.0;;-3.0;10.0;60.0;;;;;;;;;;;;;;
75024218;202411;2024-11-19;0.9;1.0;3.0;24.0;0.0;1.0;0.0;0.0;0.0;40.0;300.0;13.0;150.0;1.0;240.0;0.0;10.0;1.0;100.0;1.0;0.1;0.0;3.0;1.0;2.0;1.0
75024258;202411;2024-11-30;0.6;0.0;4.0;46.0;0.0;0.0;1.0;1.0;0.0;-3.0;-5.0;50.0;150.0;1.0;231.0;0.0;10.0;1.0;100.0;1.0;5.0;1.0;3.0;1.0;2.0;1.0
75024259;202411;2024-11-12;0.6;1.0;3.0;37.0;0.0;0.0;1.0;0.0;1.0;-0.2;-20.0;52.0;150.0;1.0;242.0;1.0;10.0;1.0;100.0;1.0;10.0;0.0;3.0;1.0;2.0;1.0
75024263;202411;2024-11-03;0.5;0.0;4.0;45.0;1.0;0.0;1.0;2.0;1.0;;0.0;50.0;150.0;1.0;240.0;0.0;10.0;1.0;100.0;1.0;5.0;1.0;3.0;1.0;2.0;1.0
75024270;202411;2024-11-04;0.4;0.0;4.0;44.0;0.0;0.0;0.0;0.0;1.0;2.3;-3.0;84.0;150.0;1.0;242.0;1.0;10.0;1.0;100.0;1.0;5.0;1.0;3.0;1.0;2.0;1.0
75024273;202411;2024-11-01;0.7;0.0;4.0;40.0;0.0;0.0;1.0;1.0;1.0;4.0;5.0;80.0;150.0;1.0;242.0;1.0;10.0;1.0;100.0;1.0;5.0;1.0;3.0;1.0;2.0;1.0
75024298;202411;2024-11-29;0.6;1.0;4.0;43.0;0.0;0.0;0.0;0.0;1.0;-30.0;-20.0;60.0;150.0;1.0;240.0;0.0;10.0;1.0;100.0;1.0;5.0;1.0;3.0;1.0;2.0;1.0
75024301;202411;2024-11-12;0.6;1.0;4.0;31.0;0.0;0.0;1.0;0.0;0.0;1.5;5.0;80.0;150.0;1.0;240.0;0.0;10.0;1.0;100.0;1.0;5.0;1.0;3.0;1.0;2.0;1.0
75024312;202411;2024-11-02;1.2;0.0;3.0;65.0;0.0;1.0;1.0;0.0;0.0;12.0;5.0;7.0;150.0;1.0;40.0;0.0;1.0;0.0;1.0;0.0;0.0;0.0;3.0;1.0;1.0;0.0
75024313;202411;2024-11-06;0.8;1.0;3.0;43.0;0.0;1.0;0.0;3.0;0.0;15.0;25.0;52.0;150.0;1.0;242.0;1.0;10.0;1.0;100.0;1.0;5.0;1.0;3.0;1.0;2.0;1.0
75024317;202411;2024-11-12;1.0;1.0;3.0;67.0;0.0;0.0;0.0;2.0;1.0;25.0;5.0;24.0;150.0;1.0;240.0;0.0;10.0;1.0;100.0;1.0;5.0;1.0;3.0;1.0;2.0;1.0
75024340;202411;2024-11-20;0.5;0.0;4.0;40.0;0.0;0.0;1.0;2.0;1.0;2.0;2.0;75.0;150.0;1.0;242.0;1.0;10.0;1.0;100.0;1.0;5.0;1.0;3.0;1.0;2.0;1.0
75024351;202411;2024-11-03;0.8;0.0;3.0;54.0;0.0;0.0;0.0;2.0;0.0;-25.0;-2.0;75.0;150.0;1.0;240.0;0.0;10.0;1.0;100.0;1.0;5.0;1.0;1.0;0.0;2.0;1.0
75024356;202411;2024-11-12;2.8;1.0;2.0;62.0;0.0;0.0;1.0;0.0;1.0;-10.0;-10.0;30.0;150.0;1.0;240.0;0.0;10.0;1.0;10.0;0.0;500.0;0.0;1.0;0.0;2.0;1.0
75024359;202411;2024-11-23;0.5;1.0;4.0;41.0;0.0;0.0;1.0;4.0;0.0;15.0;-5.0;60.0;150.0;1.0;242.0;1.0;10.0;1.0;100.0;1.0;5.0;1.0;3.0;1.0;2.0;1.0
75024368;202411;2024-11-18;0.6;0.0;4.0;38.0;0.0;0.0;0.0;0.0;1.0;8.0;10.0;25.0;150.0;1.0;242.0;1.0;50.0;0.0;100.0;1.0;5.0;1.0;3.0;1.0;2.0;1.0
75024382;202411;2024-11-04;0.7;0.0;4.0;53.0;0.0;1.0;1.0;1.0;1.0;60.0;10.0;49.0;150.0;1.0;240.0;0.0;10.0;1.0;100.0;1.0;5.0;1.0;1.0;0.0;2.0;1.0
75024385;202411;2024-11-12;1.0;0.0;3.0;75.0;0.0;1.0;0.0;0.0;0.0;10.0;10.0;50.0;150.0;1.0;220.0;0.0;1.0;0.0;100.0;1.0;2500.0;0.0;3.0;1.0;2.0;1.0
75024410;202411;2024-11-15;1.2;1.0;3.0;51.0;0.0;0.0;0.0;0.0;1.0;-10.0;4.0;20.0;150.0;1.0;242.0;1.0;10.0;1.0;10.0;0.0;5.0;1.0;3.0;1.0;2.0;1.0
75024411;202411;2024-11-12;0.8;0.0;3.0;28.0;0.0;0.0;1.0;2.0;1.0;-2.0;2.0;40.0;150.0;1.0;242.0;1.0;10.0;1.0;100.0;1.0;5.0;1.0;2.0;0.0;2.0;1.0
75024415;202411;2024-11-03;3.1;1.0;2.0;84.0;0.0;0.0;0.0;1.0;1.0;-50.0;2.0;31.0;150.0;1.0;244.0;0.0;11.0;0.0;100.0;1.0;55.0;0.0;3.0;1.0;2.0;1.0
75024423;202411;2024-11-01;0.8;1.0;3.0;40.0;0.0;0.0;1.0;2.0;1.0;-15.0;0.0;59.0;150.0;1.0;240.0;0.0;100.0;0.0;100.0;1.0;500.0;0.0;3.0;1.0;2.0;1.0
75024429;202411;2024-11-01;0.7;0.0;4.0;29.0;0.0;0.0;0.0;0.0;0.0;4.0;10.0;50.0;150.0;1.0;264.0;0.0;10.0;1.0;100.0;1.0;5.0;1.0;3.0;1.0;2.0;1.0
75024437;202411;2024-11-19;1.2;0.0;3.0;56.0;0.0;0.0;1.0;0.0;1.0;-20.0;5.0;40.0;150.0;1.0;240.0;0.0;10.0;1.0;100.0;1.0;5.0;1.0;2.0;0.0;2.0;1.0
75024449;202411;2024-11-04;0.4;1.0;4.0;38.0;0.0;0.0;1.0;2.0;1.0;2.0;5.0;85.0;150.0;1.0;242.0;1.0;10.0;1.0;100.0;1.0;5.0;1.0;3.0;1.0;2.0;1.0
75024473;202411;2024-11-09;2.5;0.0;2.0;23.0;0.0;0.0;0.0;0.0;0.0;15.0;25.0;62.0;150.0;1.0;242.0;1.0;10.0;1.0;100.0;1.0;5.0;1.0;3.0;1.0;2.0;1.0
75024477;202411;2024-11-21;0.8;0.0;3.0;36.0;0.0;1.0;0.0;0.0;1.0;15.0;-35.0;5.0;150.0;1.0;40.0;0.0;10.0;1.0;100.0;1.0;5.0;1.0;3.0;1.0;2.0;1.0
75024478;202411;2024-11-03;0.8;1.0;4.0;57.0;0.0;0.0;0.0;1.0;1.0;27.0;-35.0;22.0;150.0;1.0;242.0;1.0;10.0;1.0;100.0;1.0;5.0;1.0;3.0;1.0;2.0;1.0
75024480;202411;2024-11-18;1.1;0.0;4.0;65.0;0.0;0.0;1.0;0.0;1.0;-24.0;-7.0;71.0;150.0;1.0;40.0;0.0;10.0;1.0;100.0;1.0;5.0;1.0;3.0;1.0;2.0;1.0
75024498;202411;2024-11-19;2.0;1.0;2.0;37.0;0.0;1.0;1.0;5.0;1.0;-30.0;-30.0;39.0;150.0;1.0;240.0;0.0;10.0;1.0;10.0;0.0;5.0;1.0;1.0;0.0;2.0;1.0
75024499;202411;2024-11-07;1.0;0.0;3.0;54.0;0.0;0.0;0.0;2.0;1.0;-2.0;4.0;50.0;150.0;1.0;240.0;0.0;10.0;1.0;100.0;1.0;5.0;1.0;3.0;1.0;2.0;1.0
75024522;202411;2024-11-05;0.7;0.0;4.0;57.0;0.0;1.0;1.0;0.0;1.0;-5.0;5.0;80.0;150.0;1.0;240.0;0.0;10.0;1.0;100.0;1.0;5.0;1.0;3.0;1.0;2.0;1.0
75024525;202411;2024-11-19;0.8;1.0;4.0;57.0;0.0;0.0;1.0;1.0;1.0;5.0;2.0;10.0;150.0;1.0;242.0;1.0;10.0;1.0;100.0;1.0;5.0;1.0;3.0;1.0;2.0;1.0
75024528;202411;2024-11-29;0.7;1.0;4.0;26.0;0.0;0.0;0.0;0.0;1.0;10.0;40.0;50.0;150.0;1.0;242.0;1.0;10.0;1.0;100.0;1.0;1.0;0.0;3.0;1.0;2.0;1.0
75024530;202411;2024-11-03;0.8;0.0;4.0;61.0;0.0;0.0;0.0;0.0;0.0;10.0;10.0;50.0;150.0;1.0;242.0;1.0;10.0;1.0;100.0;1.0;2.0;0.0;3.0;1.0;2.0;1.0
75024533;202411;2024-11-16;0.8;0.0;3.0;21.0;0.0;0.0;1.0;0.0;0.0;5.0;5.0;40.0;150.0;1.0;240.0;0.0;10.0;1.0;100.0;1.0;1.0;0.0;3.0;1.0;2.0;1.0
75024534;202411;2024-11-13;0.8;1.0;4.0;59.0;0.0;0.0;0.0;0.0;1.0;-50.0;10.0;70.0;150.0;1.0;242.0;1.0;10.0;1.0;100.0;1.0;5.0;1.0;3.0;1.0;2.0;1.0
75024540;202411;2024-11-21;0.5;1.0;4.0;44.0;0.0;0.0;0.0;0.0;1.0;20.0;10.0;50.0;150.0;1.0;240.0;0.0;10.0;1.0;100.0;1.0;1.0;0.0;3.0;1.0;2.0;1.0
75024548;202411;2024-11-17;2.7;0.0;2.0;57.0;0.0;0.0;1.0;0.0;1.0;-1.5;1.0;36.0;150.0;1.0;260.0;0.0;1.0;0.0;1.0;0.0;5.0;1.0;3.0;1.0;2.0;1.0
75024554;202411;2024-11-21;1.0;0.0;4.0;64.0;0.0;0.0;1.0;0.0;1.0;-2.0;4.0;6.0;150.0;1.0;242.0;1.0;100.0;0.0;100.0;1.0;5.0;1.0;3.0;1.0;2.0;1.0
75024555;202411;2024-11-19;1.7;1.0;1.0;31.0;1.0;1.0;0.0;1.0;0.0;60.0;20.0;50.0;150.0;1.0;200000.0;0.0;50.0;0.0;50.0;0.0;500.0;0.0;1.0;0.0;1.0;0.0
75024562;202411;2024-11-24;1.0;1.0;3.0;67.0;0.0;0.0;1.0;0.0;1.0;-10.0;5.0;50.0;150.0;1.0;40.0;0.0;10.0;1.0;100.0;1.0;5.0;1.0;3.0;1.0;2.0;1.0
75024565;202411;2024-11-04;0.7;1.0;3.0;29.0;0.0;0.0;1.0;2.0;1.0;1.0;2.0;50.0;150.0;1.0;242.0;1.0;10.0;1.0;100.0;1.0;5.0;1.0;3.0;1.0;2.0;1.0
75024569;202411;2024-11-21;1.3;0.0;3.0;62.0;0.0;0.0;0.0;0.0;0.0;4.0;-5.0;70.0;150.0;1.0;40.0;0.0;10.0;1.0;100.0;1.0;5.0;1.0;3.0;1.0;2.0;1.0
75024614;202411;2024-11-02;0.6;0.0;3.0;35.0;0.0;0.0;1.0;2.0;1.0;6.0;10.0;14.0;150.0;1.0;240.0;0.0;100.0;0.0;100.0;1.0;50.0;0.0;2.0;0.0;2.0;1.0
75024627;202411;2024-11-01;3.0;1.0;2.0;56.0;0.0;0.0;0.0;0.0;1.0;30.0;10.0;10.0;150.0;1.0;240.0;0.0;100.0;0.0;100.0;1.0;200.0;0.0;2.0;0.0;2.0;1.0
75024630;202411;2024-11-20;2.3;0.0;2.0;52.0;0.0;1.0;1.0;2.0;1.0;-65.0;5.0;89.0;150.0;1.0;240.0;0.0;10.0;1.0;100.0;1.0;5.0;1.0;3.0;1.0;2.0;1.0
75024644;202411;2024-11-14;0.5;1.0;4.0;40.0;0.0;0.0;1.0;2.0;0.0;-5.0;8.0;36.0;150.0;1.0;242.0;1.0;10.0;1.0;10.0;0.0;5.0;1.0;3.0;1.0;2.0;1.0
75024656;202411;2024-11-23;1.6;1.0;2.0;70.0;0.0;0.0;0.0;0.0;1.0;15.0;12.0;21.0;150.0;1.0;242.0;1.0;10.0;1.0;10.0;0.0;5.0;1.0;1.0;0.0;2.0;1.0
75024665;202411;2024-11-19;0.8;0.0;4.0;52.0;0.0;0.0;1.0;2.0;1.0;-2.0;4.0;89.0;150.0;1.0;2421.0;0.0;10.0;1.0;100.0;1.0;5.0;1.0;3.0;1.0;2.0;1.0
75024669;202411;2024-11-01;1.1;0.0;3.0;73.0;0.0;0.0;0.0;0.0;1.0;4.0;10.0;50.0;150.0;1.0;240.0;0.0;10.0;1.0;100.0;1.0;5.0;1.0;3.0;1.0;2.0;1.0
75024672;202411;2024-11-08;0.7;0.0;4.0;53.0;0.0;0.0;1.0;1.0;1.0;3.0;5.0;60.0;150.0;1.0;242.0;1.0;10.0;1.0;100.0;1.0;5.0;1.0;3.0;1.0;2.0;1.0
75024696;202411;2024-11-12;0.5;1.0;4.0;35.0;0.0;0.0;1.0;1.0;1.0;-2.0;5.0;60.0;150.0;1.0;204.0;0.0;10.0;1.0;100.0;1.0;50.0;0.0;3.0;1.0;2.0;1.0
75024708;202411;2024-11-01;0.9;1.0;3.0;27.0;0.0;0.0;0.0;2.0;1.0;1.8;20.0;38.0;150.0;1.0;240.0;0.0;10.0;1.0;10.0;0.0;0.5;0.0;3.0;1.0;2.0;1.0
75024720;202411;2024-11-12;1.2;0.0;3.0;65.0;0.0;0.0;1.0;2.0;1.0;80.0;50.0;24.0;3.0;0.0;3.0;0.0;10.0;1.0;72.0;0.0;20.0;0.0;2.0;0.0;1.0;0.0
75024722;202411;2024-11-02;0.5;1.0;4.0;42.0;0.0;0.0;1.0;2.0;1.0;-5.0;5.0;45.0;150.0;1.0;240.0;0.0;100.0;0.0;100.0;1.0;1.0;0.0;3.0;1.0;2.0;1.0
75024724;202411;2024-11-12;3.4;1.0;2.0;69.0;1.0;0.0;0.0;1.0;1.0;-24.0;-78.0;41.0;150.0;1.0;67.0;0.0;1.0;0.0;100.0;1.0;10.0;0.0;2.0;0.0;1.0;0.0
75024731;202411;2024-11-12;0.6;0.0;3.0;40.0;0.0;0.0;1.0;3.0;0.0;-15.0;5.0;29.0;150.0;1.0;242.0;1.0;10.0;1.0;100.0;1.0;5.0;1.0;3.0;1.0;2.0;1.0
75024732;202411;2024-11-13;1.2;1.0;3.0;71.0;0.0;0.0;1.0;0.0;1.0;3.0;12.0;60.0;150.0;1.0;242.0;1.0;10.0;1.0;10.0;0.0;0.0;0.0;3.0;1.0;2.0;1.0
75024751;202411;2024-11-01;0.9;0.0;3.0;78.0;0.0;0.0;1.0;0.0;1.0;6.0;3.0;60.0;150.0;1.0;240.0;0.0;10.0;1.0;10.0;0.0;5.0;1.0;3.0;1.0;2.0;1.0
75024752;202411;2024-11-12;0.4;0.0;4.0;30.0;0.0;0.0;1.0;1.0;1.0;-4.0;10.0;72.0;150.0;1.0;242.0;1.0;10.0;1.0;100.0;1.0;5.0;1.0;3.0;1.0;2.0;1.0
75024753;202411;2024-11-26;0.6;0.0;3.0;35.0;0.0;1.0;1.0;2.0;1.0;-45.0;-12.0;28.0;150.0;1.0;242.0;1.0;10.0;1.0;100.0;1.0;50.0;0.0;3.0;1.0;1.0;0.0
75024758;202411;2024-11-03;0.6;0.0;4.0;34.0;0.0;0.0;1.0;2.0;1.0;2.0;3.0;30.0;150.0;1.0;240.0;0.0;10.0;1.0;100.0;1.0;5.0;1.0;3.0;1.0;2.0;1.0
75024759;202411;2024-11-19;1.2;0.0;3.0;52.0;1.0;0.0;0.0;1.0;0.0;8.0;15.0;59.0;150.0;1.0;242.0;1.0;0.0;0.0;100.0;1.0;5.0;1.0;3.0;1.0;2.0;1.0
75024765;202411;2024-11-13;0.4;0.0;4.0;36.0;0.0;0.0;1.0;3.0;1.0;3.0;5.0;84.0;150.0;1.0;242.0;1.0;10.0;1.0;100.0;1.0;5.0;1.0;3.0;1.0;2.0;1.0
75024786;202411;2024-11-20;0.5;1.0;4.0;49.0;0.0;0.0;0.0;0.0;1.0;4.0;5.0;78.0;150.0;1.0;240.0;0.0;10.0;1.0;100.0;1.0;5.0;1.0;3.0;1.0;2.0;1.0
75024798;202411;2024-11-20;1.2;0.0;3.0;54.0;0.0;0.0;1.0;0.0;0.0;-3.0;-10.0;90.0;150.0;1.0;242.0;1.0;10.0;1.0;100.0;1.0;5.0;1.0;3.0;1.0;2.0;1.0
75024802;202411;2024-11-12;0.7;1.0;4.0;26.0;0.0;0.0;0.0;0.0;0.0;13.0;20.0;20.0;150.0;1.0;280.0;0.0;10.0;1.0;100.0;1.0;5.0;1.0;3.0;1.0;1.0;0.0
75024807;202411;2024-11-12;0.7;0.0;4.0;61.0;0.0;0.0;1.0;0.0;1.0;3.0;12.0;90.0;150.0;1.0;242.0;1.0;10.0;1.0;100.0;1.0;5.0;1.0;3.0;1.0;2.0;1.0
75024817;202411;2024-11-02;0.7;1.0;4.0;26.0;0.0;0.0;1.0;2.0;1.0;5.0;10.0;70.0;150.0;1.0;204.0;0.0;1.0;0.0;100.0;1.0;5.0;1.0;3.0;1.0;2.0;1.0
75024824;202411;2024-11-23;2.8;1.0;2.0;62.0;0.0;0.0;1.0;0.0;0.0;-10.0;10.0;19.0;150.0;1.0;240.0;0.0;10.0;1.0;100.0;1.0;5.0;1.0;3.0;1.0;2.0;1.0
75024829;202411;2024-11-12;0.7;1.0;3.0;40.0;1.0;0.0;0.0;2.0;1.0;4.0;10.0;10.0;150.0;1.0;242.0;1.0;10.0;1.0;100.0;1.0;5.0;1.0;3.0;1.0;2.0;1.0
75024839;202411;2024-11-23;0.5;0.0;4.0;48.0;0.0;0.0;1.0;2.0;0.0;9.0;25.0;42.0;150.0;1.0;242.0;1.0;10.0;1.0;100.0;1.0;5.0;1.0;3.0;1.0;2.0;1.0
75024841;202411;2024-11-19;0.8;1.0;4.0;63.0;0.0;0.0;1.0;0.0;1.0;6.0;5.0;39.0;150.0;1.0;242.0;1.0;10.0;1.0;100.0;1.0;5.0;1.0;3.0;1.0;2.0;1.0
75024843;202411;2024-11-02;0.7;1.0;3.0;55.0;0.0;0.0;1.0;0.0;1.0;15.0;15.0;30.0;150.0;1.0;220.0;0.0;10.0;1.0;100.0;1.0;5.0;1.0;3.0;1.0;2.0;1.0
